video,frame,bbox,predicted,confidence
ThesisMP4TEST5.mp4,0,"257,401,310,465",Unknown,0.005354984053992976
ThesisMP4TEST5.mp4,5,,None,0.0
ThesisMP4TEST5.mp4,10,,None,0.0
ThesisMP4TEST5.mp4,15,,None,0.0
ThesisMP4TEST5.mp4,20,,None,0.0
ThesisMP4TEST5.mp4,25,"53,472,102,535",Unknown,0.00535720270384172
ThesisMP4TEST5.mp4,30,"106,470,150,531",Unknown,0.005370189677973448
ThesisMP4TEST5.mp4,35,"155,467,207,536",Unknown,0.005356584604772022
ThesisMP4TEST5.mp4,40,"209,456,260,517",Unknown,0.005319774384022396
ThesisMP4TEST5.mp4,45,"265,453,309,510",Unknown,0.005349939877305908
ThesisMP4TEST5.mp4,45,"1101,431,1132,478",Unknown,0.005255031628153839
ThesisMP4TEST5.mp4,50,"307,458,353,516",Unknown,0.005301590881642518
ThesisMP4TEST5.mp4,55,"358,457,400,517",Unknown,0.005240956832205945
ThesisMP4TEST5.mp4,55,"1049,414,1085,469",Unknown,0.005323349796618815
ThesisMP4TEST5.mp4,60,"243,401,285,451",Unknown,0.005388435704546622
ThesisMP4TEST5.mp4,60,"412,456,448,506",Unknown,0.0052487171909729215
ThesisMP4TEST5.mp4,60,"230,403,268,450",Unknown,0.005468833845953238
ThesisMP4TEST5.mp4,60,"1019,416,1052,466",Unknown,0.005258185870412413
ThesisMP4TEST5.mp4,65,"226,402,268,455",Unknown,0.0054045336048611356
ThesisMP4TEST5.mp4,65,"982,412,1014,461",Unknown,0.0051975935324729385
ThesisMP4TEST5.mp4,70,"220,405,263,459",Unknown,0.005402204133854794
ThesisMP4TEST5.mp4,70,"937,410,969,456",Unknown,0.00522902094683338
ThesisMP4TEST5.mp4,75,"214,403,266,459",Unknown,0.005284744664018991
ThesisMP4TEST5.mp4,75,"898,407,929,451",Unknown,0.005657145548492373
ThesisMP4TEST5.mp4,80,"217,403,273,461",Unknown,0.005453805104026917
ThesisMP4TEST5.mp4,80,"867,407,896,449",Unknown,0.005403688222821573
ThesisMP4TEST5.mp4,85,"209,401,269,464",Unknown,0.005262713143145202
ThesisMP4TEST5.mp4,85,"823,400,861,453",Unknown,0.005543227657468434
ThesisMP4TEST5.mp4,90,"185,409,249,473",Unknown,0.005281746728897482
ThesisMP4TEST5.mp4,90,"793,396,823,439",Unknown,0.00552514290007155
ThesisMP4TEST5.mp4,95,"75,459,184,598",Unknown,0.005260301594000293
ThesisMP4TEST5.mp4,95,"724,457,761,506",Unknown,0.0052352847348339825
ThesisMP4TEST5.mp4,95,"765,395,798,436",Unknown,0.005522863737326801
ThesisMP4TEST5.mp4,100,"183,454,270,570",Unknown,0.005495213422723091
ThesisMP4TEST5.mp4,100,"742,396,777,437",Unknown,0.0054334281904148
ThesisMP4TEST5.mp4,105,"710,394,750,443",Unknown,0.005683587977465835
ThesisMP4TEST5.mp4,105,"816,468,847,513",Unknown,0.005219128511127504
ThesisMP4TEST5.mp4,110,"682,394,721,443",Unknown,0.005892901465396133
ThesisMP4TEST5.mp4,115,"648,389,688,437",Unknown,0.00558071619933444
ThesisMP4TEST5.mp4,120,"606,395,645,442",Unknown,0.00527339978025581
ThesisMP4TEST5.mp4,125,"560,393,600,441",Unknown,0.005414190138274295
ThesisMP4TEST5.mp4,130,"526,394,567,442",Unknown,0.005668386745844563
ThesisMP4TEST5.mp4,135,"425,472,513,579",Unknown,0.005427281956058308
ThesisMP4TEST5.mp4,135,"503,401,545,450",Unknown,0.0056952213662925175
ThesisMP4TEST5.mp4,140,,None,0.0
ThesisMP4TEST5.mp4,145,,None,0.0
ThesisMP4TEST5.mp4,150,"438,414,482,466",Unknown,0.0052670617469839755
ThesisMP4TEST5.mp4,155,"408,419,455,473",Unknown,0.005473900680432201
ThesisMP4TEST5.mp4,160,"-7,552,29,594",Unknown,0.005497957471597297
ThesisMP4TEST5.mp4,165,,None,0.0
ThesisMP4TEST5.mp4,170,"293,420,348,484",Unknown,0.005707530822349085
ThesisMP4TEST5.mp4,175,,None,0.0
ThesisMP4TEST5.mp4,180,,None,0.0
ThesisMP4TEST5.mp4,185,"306,424,364,495",Unknown,0.005703846360555647
ThesisMP4TEST5.mp4,190,,None,0.0
ThesisMP4TEST5.mp4,195,"320,415,376,479",Unknown,0.005721705825750649
ThesisMP4TEST5.mp4,200,,None,0.0
ThesisMP4TEST5.mp4,205,,None,0.0
ThesisMP4TEST5.mp4,210,"320,419,375,483",Unknown,0.005321407759045905
ThesisMP4TEST5.mp4,210,"237,628,267,666",Unknown,0.005350350356417969
ThesisMP4TEST5.mp4,215,,None,0.0
ThesisMP4TEST5.mp4,220,,None,0.0
ThesisMP4TEST5.mp4,225,,None,0.0
ThesisMP4TEST5.mp4,230,,None,0.0
ThesisMP4TEST5.mp4,235,,None,0.0
ThesisMP4TEST5.mp4,240,,None,0.0
ThesisMP4TEST5.mp4,245,,None,0.0
ThesisMP4TEST5.mp4,250,,None,0.0
ThesisMP4TEST5.mp4,255,,None,0.0
ThesisMP4TEST5.mp4,260,,None,0.0
ThesisMP4TEST5.mp4,265,"514,559,566,625",Unknown,0.005239137220180821
ThesisMP4TEST5.mp4,270,,None,0.0
ThesisMP4TEST5.mp4,275,"563,478,608,536",Unknown,0.005170809967367625
ThesisMP4TEST5.mp4,280,"590,451,637,515",Unknown,0.005178725959233847
ThesisMP4TEST5.mp4,285,"617,441,660,501",Unknown,0.005271837509643715
ThesisMP4TEST5.mp4,290,"382,401,412,445",Unknown,0.005366618847215522
ThesisMP4TEST5.mp4,295,"388,401,421,442",Unknown,0.005353947389991081
ThesisMP4TEST5.mp4,300,"397,397,432,440",Unknown,0.005420867807315053
ThesisMP4TEST5.mp4,305,"405,394,444,440",Unknown,0.005506970472175843
ThesisMP4TEST5.mp4,310,"417,392,460,439",Unknown,0.006066550649867801
ThesisMP4TEST5.mp4,315,"437,393,476,435",Unknown,0.005933599083558996
ThesisMP4TEST5.mp4,320,"136,398,183,462",Unknown,0.005313459384881572
ThesisMP4TEST5.mp4,320,"786,417,823,470",Unknown,0.005255228641112303
ThesisMP4TEST5.mp4,320,"462,398,498,439",Unknown,0.005934743032021322
ThesisMP4TEST5.mp4,325,"193,394,232,448",Unknown,0.005341041757280932
ThesisMP4TEST5.mp4,325,"767,416,804,464",Unknown,0.005362734555364124
ThesisMP4TEST5.mp4,325,"485,395,523,437",Unknown,0.005808255789138891
ThesisMP4TEST5.mp4,330,"516,393,550,434",Unknown,0.0054290317536962755
ThesisMP4TEST5.mp4,330,"736,422,770,463",Unknown,0.0053937893566406575
ThesisMP4TEST5.mp4,335,"701,418,746,469",Unknown,0.005220095109003113
ThesisMP4TEST5.mp4,335,"543,392,570,431",Unknown,0.005196696744120179
ThesisMP4TEST5.mp4,340,"671,417,717,472",Unknown,0.005241941054823899
ThesisMP4TEST5.mp4,340,"555,394,581,430",Unknown,0.005363636633623523
ThesisMP4TEST5.mp4,345,"568,391,595,436",Unknown,0.005459000790757455
ThesisMP4TEST5.mp4,350,"612,415,650,459",Unknown,0.005251828877341993
ThesisMP4TEST5.mp4,355,"585,407,622,455",Unknown,0.0055559403386404695
ThesisMP4TEST5.mp4,360,"560,401,594,443",Unknown,0.005510910478701781
ThesisMP4TEST5.mp4,360,"633,403,657,436",Unknown,0.005234765329884993
ThesisMP4TEST5.mp4,365,"526,398,572,451",Unknown,0.00553088514944949
ThesisMP4TEST5.mp4,365,"659,401,688,440",Unknown,0.005319394142991317
ThesisMP4TEST5.mp4,370,"682,394,712,434",Unknown,0.005329330421976853
ThesisMP4TEST5.mp4,375,"703,397,732,438",Unknown,0.005441944390073109
ThesisMP4TEST5.mp4,380,"725,399,756,442",Unknown,0.005572495030817867
ThesisMP4TEST5.mp4,385,"342,404,388,457",Unknown,0.005313846242610553
ThesisMP4TEST5.mp4,385,"485,399,519,445",Unknown,0.005439767430812137
ThesisMP4TEST5.mp4,385,"754,403,786,446",Unknown,0.005256614176544769
ThesisMP4TEST5.mp4,390,"517,391,557,443",Unknown,0.005399681483225464
ThesisMP4TEST5.mp4,390,"785,404,817,445",Unknown,0.005389336912265376
ThesisMP4TEST5.mp4,395,"554,391,594,445",Unknown,0.005242465162998472
ThesisMP4TEST5.mp4,395,"815,405,853,452",Unknown,0.0054511028986799215
ThesisMP4TEST5.mp4,400,"858,402,901,452",Unknown,0.005464512939976283
ThesisMP4TEST5.mp4,405,"901,405,942,455",Unknown,0.005492531529545097
ThesisMP4TEST5.mp4,405,"645,391,684,443",Unknown,0.005352478501066555
ThesisMP4TEST5.mp4,410,"953,408,996,459",Unknown,0.005449065312104153
ThesisMP4TEST5.mp4,410,"711,402,743,447",Unknown,0.005329348895904031
ThesisMP4TEST5.mp4,415,"1002,414,1052,472",Unknown,0.0055820321840475695
ThesisMP4TEST5.mp4,420,"790,397,844,463",Unknown,0.005446497488849123
ThesisMP4TEST5.mp4,420,"1055,411,1111,474",Unknown,0.005615853349366024
ThesisMP4TEST5.mp4,425,"1102,415,1158,476",Unknown,0.0059101942481245475
ThesisMP4TEST5.mp4,430,"1157,428,1213,491",Unknown,0.005591099354595834
ThesisMP4TEST5.mp4,435,"1215,433,1265,496",Unknown,0.005468012849974569
ThesisMP4TEST5.mp4,435,"935,403,975,457",Unknown,0.005342943951728223
ThesisMP4TEST5.mp4,440,"966,400,1019,465",Unknown,0.00528030132774465
ThesisMP4TEST5.mp4,445,,None,0.0
ThesisMP4TEST5.mp4,450,"1014,407,1164,595",Unknown,0.005171679417693396
ThesisMP4TEST5.mp4,455,"1165,500,1206,551",Unknown,0.005232032697668631
ThesisMP4TEST5.mp4,460,"1036,411,1069,465",Unknown,0.005653055785793057
ThesisMP4TEST5.mp4,465,"1016,411,1051,469",Unknown,0.005407426003876773
ThesisMP4TEST5.mp4,470,"992,408,1029,469",Unknown,0.005289747005039592
ThesisMP4TEST5.mp4,475,"1002,378,1176,601",Unknown,0.005183550301491927
ThesisMP4TEST5.mp4,475,"964,407,1007,473",Unknown,0.005651020382820692
ThesisMP4TEST5.mp4,480,"942,404,989,468",Unknown,0.005346979194899661
ThesisMP4TEST5.mp4,485,"906,409,950,466",Unknown,0.0054451114068954235
ThesisMP4TEST5.mp4,490,"863,413,907,468",Unknown,0.005563767560812653
ThesisMP4TEST5.mp4,495,"816,406,863,466",Unknown,0.0054906520499395884
ThesisMP4TEST5.mp4,500,"769,401,819,467",Unknown,0.005369741100443893
ThesisMP4TEST5.mp4,505,"731,405,770,457",Unknown,0.005272969666615642
ThesisMP4TEST5.mp4,510,"681,403,724,461",Unknown,0.005210915377265337
ThesisMP4TEST5.mp4,515,"634,402,676,460",Unknown,0.0053128721846531415
ThesisMP4TEST5.mp4,515,"1044,548,1072,583",Unknown,0.00557747263018877
ThesisMP4TEST5.mp4,520,"594,405,634,460",Unknown,0.005254930025612383
ThesisMP4TEST5.mp4,525,"554,407,594,460",Unknown,0.005265296663584449
ThesisMP4TEST5.mp4,525,"1157,471,1189,513",Unknown,0.005392545940601006
ThesisMP4TEST5.mp4,530,"1233,429,1286,501",Unknown,0.005475900820749568
ThesisMP4TEST5.mp4,530,"516,403,552,455",Unknown,0.00557345045797098
ThesisMP4TEST5.mp4,530,"1147,473,1181,513",Unknown,0.0053914522646176695
ThesisMP4TEST5.mp4,535,"1187,425,1236,490",Unknown,0.005284550430283941
ThesisMP4TEST5.mp4,535,"480,405,513,450",Unknown,0.005413827394336503
ThesisMP4TEST5.mp4,535,"1129,476,1163,514",Unknown,0.00523863466877181
ThesisMP4TEST5.mp4,540,"1147,426,1195,493",Unknown,0.0054818467609829315
ThesisMP4TEST5.mp4,540,"443,407,482,456",Unknown,0.005266398240613987
ThesisMP4TEST5.mp4,540,"1107,472,1143,519",Unknown,0.0053873183303328525
ThesisMP4TEST5.mp4,545,"1108,421,1160,493",Unknown,0.005299531686494772
ThesisMP4TEST5.mp4,545,"133,553,151,574",Unknown,0.005374230137977547
ThesisMP4TEST5.mp4,550,"1072,421,1125,497",Unknown,0.0051985977057461335
ThesisMP4TEST5.mp4,555,"1041,426,1087,492",Unknown,0.0057681433242142595
ThesisMP4TEST5.mp4,555,"341,410,380,457",Unknown,0.005302814363683883
ThesisMP4TEST5.mp4,555,"134,552,153,574",Unknown,0.00534130942317554
ThesisMP4TEST5.mp4,560,"1010,422,1056,491",Unknown,0.0055700359684740615
ThesisMP4TEST5.mp4,560,"327,410,365,458",Unknown,0.005304939139125523
ThesisMP4TEST5.mp4,565,"127,391,180,455",Unknown,0.005907314709836636
ThesisMP4TEST5.mp4,565,"978,421,1018,488",Unknown,0.005542800286850269
ThesisMP4TEST5.mp4,565,"323,408,358,452",Unknown,0.005197278231111726
ThesisMP4TEST5.mp4,570,"160,386,213,452",Unknown,0.005534010496419739
ThesisMP4TEST5.mp4,570,"942,423,982,488",Unknown,0.0055675478887734
ThesisMP4TEST5.mp4,570,"324,402,362,453",Unknown,0.005426333264332647
ThesisMP4TEST5.mp4,575,"203,387,248,450",Unknown,0.005458790364533818
ThesisMP4TEST5.mp4,575,"896,419,936,479",Unknown,0.005624911146276277
ThesisMP4TEST5.mp4,575,"969,444,1008,494",Unknown,0.0054384282078917085
ThesisMP4TEST5.mp4,575,"328,398,364,449",Unknown,0.005677150388475765
ThesisMP4TEST5.mp4,580,"857,413,898,476",Unknown,0.005304545474627711
ThesisMP4TEST5.mp4,580,"335,398,379,449",Unknown,0.005316176867188024
ThesisMP4TEST5.mp4,580,"248,393,284,445",Unknown,0.005222383321796503
ThesisMP4TEST5.mp4,580,"948,444,985,493",Unknown,0.00539728290786138
ThesisMP4TEST5.mp4,585,"834,417,876,479",Unknown,0.005471938909785641
ThesisMP4TEST5.mp4,585,"352,400,400,449",Unknown,0.005272859496020035
ThesisMP4TEST5.mp4,585,"927,445,967,495",Unknown,0.005453450487243351
ThesisMP4TEST5.mp4,590,"824,416,861,475",Unknown,0.005302115379601893
ThesisMP4TEST5.mp4,590,"379,400,422,448",Unknown,0.005363559620359288
ThesisMP4TEST5.mp4,590,"914,449,952,500",Unknown,0.005489650117110119
ThesisMP4TEST5.mp4,595,"406,381,463,448",Unknown,0.005587478467458264
ThesisMP4TEST5.mp4,595,"816,419,856,485",Unknown,0.005436940007477512
ThesisMP4TEST5.mp4,595,"899,447,938,499",Unknown,0.00536998139582933
ThesisMP4TEST5.mp4,595,"354,395,385,446",Unknown,0.0051687903448441415
ThesisMP4TEST5.mp4,600,"796,414,839,488",Unknown,0.0055105020266374306
ThesisMP4TEST5.mp4,600,"438,392,482,444",Unknown,0.005346408864763437
ThesisMP4TEST5.mp4,600,"887,446,926,496",Unknown,0.005285577035762544
ThesisMP4TEST5.mp4,600,"371,392,403,437",Unknown,0.005250252883829947
ThesisMP4TEST5.mp4,605,"785,417,826,489",Unknown,0.005223191246097362
ThesisMP4TEST5.mp4,605,"460,395,501,445",Unknown,0.005348077343521346
ThesisMP4TEST5.mp4,605,"876,448,914,497",Unknown,0.005365881465339325
ThesisMP4TEST5.mp4,605,"390,392,422,439",Unknown,0.00574579515929326
ThesisMP4TEST5.mp4,605,"452,392,478,428",Unknown,0.0052771089196214
ThesisMP4TEST5.mp4,610,"781,423,817,490",Unknown,0.005337515954875692
ThesisMP4TEST5.mp4,610,"478,396,517,443",Unknown,0.005252862926586339
ThesisMP4TEST5.mp4,610,"862,448,899,497",Unknown,0.005201623464289354
ThesisMP4TEST5.mp4,610,"409,392,441,439",Unknown,0.005693522793383602
ThesisMP4TEST5.mp4,615,"774,425,813,491",Unknown,0.005272629056700854
ThesisMP4TEST5.mp4,615,"493,393,529,443",Unknown,0.0056585174979300115
ThesisMP4TEST5.mp4,615,"424,392,458,443",Unknown,0.005872782491311376
ThesisMP4TEST5.mp4,620,"774,427,811,493",Unknown,0.005309732056405653
ThesisMP4TEST5.mp4,620,"510,392,541,441",Unknown,0.005246469893494375
ThesisMP4TEST5.mp4,620,"430,394,462,440",Unknown,0.005649944328197466
ThesisMP4TEST5.mp4,625,"765,422,805,493",Unknown,0.005595384250493748
ThesisMP4TEST5.mp4,625,"426,389,457,443",Unknown,0.005244217250151854
ThesisMP4TEST5.mp4,625,"527,390,553,438",Unknown,0.005481848004371938
ThesisMP4TEST5.mp4,630,"760,420,801,494",Unknown,0.00518961838111349
ThesisMP4TEST5.mp4,630,"546,391,573,440",Unknown,0.005366290323412943
ThesisMP4TEST5.mp4,630,"427,394,454,439",Unknown,0.005277703263979076
ThesisMP4TEST5.mp4,635,"770,426,807,493",Unknown,0.005424907713536385
ThesisMP4TEST5.mp4,635,"567,393,589,429",Unknown,0.005298726942411178
ThesisMP4TEST5.mp4,640,"776,423,826,501",Unknown,0.0052855280070493015
ThesisMP4TEST5.mp4,640,"757,433,792,481",Unknown,0.005250904616417615
ThesisMP4TEST5.mp4,640,"450,399,476,441",Unknown,0.005252500330678413
ThesisMP4TEST5.mp4,640,"585,393,607,428",Unknown,0.005240275063343025
ThesisMP4TEST5.mp4,645,"791,428,831,493",Unknown,0.005527858039259341
ThesisMP4TEST5.mp4,645,"749,437,783,483",Unknown,0.005465016792310739
ThesisMP4TEST5.mp4,650,"802,427,841,490",Unknown,0.005332702247153652
ThesisMP4TEST5.mp4,650,"740,439,777,488",Unknown,0.005463580871533113
ThesisMP4TEST5.mp4,650,"511,414,544,454",Unknown,0.005376867448237407
ThesisMP4TEST5.mp4,650,"621,390,643,422",Unknown,0.005225334693372208
ThesisMP4TEST5.mp4,655,"800,419,840,490",Unknown,0.00539963960299531
ThesisMP4TEST5.mp4,655,"730,438,768,487",Unknown,0.005454330700630645
ThesisMP4TEST5.mp4,655,"543,413,580,458",Unknown,0.005361249842913744
ThesisMP4TEST5.mp4,660,"797,421,837,487",Unknown,0.005331150193936956
ThesisMP4TEST5.mp4,660,"559,403,603,458",Unknown,0.005365434065203105
ThesisMP4TEST5.mp4,660,"720,435,757,488",Unknown,0.00524157400001202
ThesisMP4TEST5.mp4,665,"706,438,749,493",Unknown,0.00533938054652162
ThesisMP4TEST5.mp4,665,"786,423,824,484",Unknown,0.005446367852876876
ThesisMP4TEST5.mp4,665,"582,404,623,456",Unknown,0.005633455817227052
ThesisMP4TEST5.mp4,665,"662,393,695,438",Unknown,0.0052711044619566
ThesisMP4TEST5.mp4,670,"778,428,819,497",Unknown,0.005507775632976922
ThesisMP4TEST5.mp4,670,"614,406,655,457",Unknown,0.005302464334145729
ThesisMP4TEST5.mp4,670,"701,442,739,494",Unknown,0.005483994308516395
ThesisMP4TEST5.mp4,670,"690,393,723,437",Unknown,0.005441400075123666
ThesisMP4TEST5.mp4,675,"783,431,822,506",Unknown,0.005463554394849945
ThesisMP4TEST5.mp4,675,"657,410,695,458",Unknown,0.005266491880025825
ThesisMP4TEST5.mp4,675,"688,447,724,494",Unknown,0.005337326873905073
ThesisMP4TEST5.mp4,675,"727,390,752,422",Unknown,0.005252218962135287
ThesisMP4TEST5.mp4,680,"787,435,829,508",Unknown,0.005549260755765544
ThesisMP4TEST5.mp4,680,"689,398,728,454",Unknown,0.0054168691837370685
ThesisMP4TEST5.mp4,680,"754,389,780,423",Unknown,0.005225981316040479
ThesisMP4TEST5.mp4,685,"786,433,832,512",Unknown,0.005343311027388526
ThesisMP4TEST5.mp4,690,"787,435,829,511",Unknown,0.005381805920154957
ThesisMP4TEST5.mp4,690,"617,454,650,498",Unknown,0.005526634944723363
ThesisMP4TEST5.mp4,695,"774,437,816,505",Unknown,0.00541128841622252
ThesisMP4TEST5.mp4,695,"590,447,618,488",Unknown,0.005340532996786125
ThesisMP4TEST5.mp4,700,"762,435,805,514",Unknown,0.005688484558899462
ThesisMP4TEST5.mp4,700,"564,445,593,487",Unknown,0.005412877335945952
ThesisMP4TEST5.mp4,705,"761,440,800,504",Unknown,0.005802968022009801
ThesisMP4TEST5.mp4,705,"876,396,909,445",Unknown,0.005286467176475945
ThesisMP4TEST5.mp4,705,"537,449,564,490",Unknown,0.0053912679124244215
ThesisMP4TEST5.mp4,710,"746,430,790,505",Unknown,0.0053986839128160385
ThesisMP4TEST5.mp4,710,"884,397,928,457",Unknown,0.005874314396200348
ThesisMP4TEST5.mp4,715,"921,403,969,466",Unknown,0.005816767744716279
ThesisMP4TEST5.mp4,715,"742,428,779,490",Unknown,0.005421505274796989
ThesisMP4TEST5.mp4,720,"956,400,1013,471",Unknown,0.0062971906085836525
ThesisMP4TEST5.mp4,720,"736,419,771,475",Unknown,0.005184876485632788
ThesisMP4TEST5.mp4,725,"991,398,1051,472",Unknown,0.00625961351338144
ThesisMP4TEST5.mp4,725,"936,403,970,454",Unknown,0.0055972671554190894
ThesisMP4TEST5.mp4,730,"1037,398,1098,470",Unknown,0.005987554548576268
ThesisMP4TEST5.mp4,730,"733,405,770,464",Unknown,0.0054829868549311385
ThesisMP4TEST5.mp4,730,"951,403,990,455",Unknown,0.005375104545579008
ThesisMP4TEST5.mp4,735,"1080,400,1142,477",Unknown,0.0061816729676334925
ThesisMP4TEST5.mp4,735,"968,404,1013,458",Unknown,0.005316605677530962
ThesisMP4TEST5.mp4,735,"331,467,362,507",Unknown,0.00529003668723734
ThesisMP4TEST5.mp4,740,"1136,404,1205,484",Unknown,0.005988611723569594
ThesisMP4TEST5.mp4,740,"987,403,1036,461",Unknown,0.00535132159771017
ThesisMP4TEST5.mp4,745,"1207,402,1281,486",Unknown,0.006060834118673415
ThesisMP4TEST5.mp4,745,"1009,404,1059,464",Unknown,0.005330156851673014
ThesisMP4TEST5.mp4,745,"253,464,289,509",Unknown,0.005218986174284337
ThesisMP4TEST5.mp4,750,"1026,412,1080,469",Unknown,0.0053299401504168925
ThesisMP4TEST5.mp4,755,"1031,416,1083,472",Unknown,0.005257878271506309
ThesisMP4TEST5.mp4,760,"1026,421,1080,479",Unknown,0.005354918163692666
ThesisMP4TEST5.mp4,765,"1020,417,1078,481",Unknown,0.005295451108910553
ThesisMP4TEST5.mp4,765,"613,398,638,440",Unknown,0.005362139643745593
ThesisMP4TEST5.mp4,770,"1013,419,1069,482",Unknown,0.00555072852533431
ThesisMP4TEST5.mp4,770,"593,397,617,434",Unknown,0.005389059044722108
ThesisMP4TEST5.mp4,775,"1008,422,1065,487",Unknown,0.005456295143652524
ThesisMP4TEST5.mp4,775,"570,397,596,438",Unknown,0.00540349874372244
ThesisMP4TEST5.mp4,780,"1013,425,1072,496",Unknown,0.005815202623031299
ThesisMP4TEST5.mp4,780,"541,402,568,443",Unknown,0.0054039442660524925
ThesisMP4TEST5.mp4,785,"1027,430,1085,501",Unknown,0.005575887367896342
ThesisMP4TEST5.mp4,785,"510,398,541,444",Unknown,0.0054323432483019225
ThesisMP4TEST5.mp4,790,"1044,431,1105,506",Unknown,0.005289577008220141
ThesisMP4TEST5.mp4,790,"486,403,512,442",Unknown,0.005224259467956129
ThesisMP4TEST5.mp4,795,"1053,432,1116,511",Unknown,0.005418840762961123
ThesisMP4TEST5.mp4,795,"465,404,491,442",Unknown,0.005346971850638864
ThesisMP4TEST5.mp4,800,"1059,438,1125,517",Unknown,0.00568587991079158
ThesisMP4TEST5.mp4,800,"452,393,478,439",Unknown,0.005333500751376936
ThesisMP4TEST5.mp4,805,"1062,439,1129,521",Unknown,0.005770499058940692
ThesisMP4TEST5.mp4,805,"429,390,456,432",Unknown,0.005191750937865686
ThesisMP4TEST5.mp4,810,"1064,438,1131,520",Unknown,0.005451420470663915
ThesisMP4TEST5.mp4,810,"410,394,438,435",Unknown,0.005356840578914028
ThesisMP4TEST5.mp4,815,"1068,439,1135,523",Unknown,0.005454517178479236
ThesisMP4TEST5.mp4,815,"393,398,423,438",Unknown,0.005396956718981482
ThesisMP4TEST5.mp4,820,"1076,443,1143,528",Unknown,0.005347269721252328
ThesisMP4TEST5.mp4,825,"1075,438,1143,524",Unknown,0.0053863217467638525
ThesisMP4TEST5.mp4,825,"1186,414,1255,497",Unknown,0.005581530485133387
ThesisMP4TEST5.mp4,825,"371,402,398,441",Unknown,0.005232692533969333
ThesisMP4TEST5.mp4,830,"1067,439,1134,522",Unknown,0.005298071440405799
ThesisMP4TEST5.mp4,830,"365,403,395,446",Unknown,0.0053529773099169195
ThesisMP4TEST5.mp4,835,"1058,451,1131,535",Unknown,0.005360698557458904
ThesisMP4TEST5.mp4,840,"1041,457,1115,540",Unknown,0.0054896317240511906
ThesisMP4TEST5.mp4,845,"1015,453,1090,538",Unknown,0.005477995260744245
ThesisMP4TEST5.mp4,850,"975,448,1051,534",Unknown,0.005308196232251704
ThesisMP4TEST5.mp4,850,"937,422,975,468",Unknown,0.005420023417205192
ThesisMP4TEST5.mp4,855,"948,451,1021,533",Unknown,0.0053360236034008315
ThesisMP4TEST5.mp4,860,"937,449,1011,532",Unknown,0.005622149450396889
ThesisMP4TEST5.mp4,860,"845,402,897,460",Unknown,0.0056708716123653755
ThesisMP4TEST5.mp4,860,"319,460,361,520",Unknown,0.005488973308462909
ThesisMP4TEST5.mp4,865,"937,456,1016,544",Unknown,0.005609350516110397
ThesisMP4TEST5.mp4,865,"808,403,860,462",Unknown,0.005468000795738297
ThesisMP4TEST5.mp4,870,"952,466,1034,556",Unknown,0.005556620053504708
ThesisMP4TEST5.mp4,870,"780,399,823,454",Unknown,0.005296322078197598
ThesisMP4TEST5.mp4,870,"137,551,154,573",Unknown,0.00520627845467151
ThesisMP4TEST5.mp4,875,"974,474,1058,567",Unknown,0.005325147681561241
ThesisMP4TEST5.mp4,875,"746,403,789,456",Unknown,0.005398988318360618
ThesisMP4TEST5.mp4,880,"1000,468,1093,571",Unknown,0.005308510185654201
ThesisMP4TEST5.mp4,880,"17,448,72,513",Unknown,0.005353707602115483
ThesisMP4TEST5.mp4,880,"716,402,761,457",Unknown,0.005509350502487438
ThesisMP4TEST5.mp4,885,"1021,475,1124,588",Unknown,0.0053703169869554436
ThesisMP4TEST5.mp4,885,"57,451,106,511",Unknown,0.005503552539104629
ThesisMP4TEST5.mp4,885,"689,400,729,450",Unknown,0.005464731912313272
ThesisMP4TEST5.mp4,890,"1043,487,1151,606",Unknown,0.005393360445020203
ThesisMP4TEST5.mp4,890,"101,454,149,513",Unknown,0.00543498391243354
ThesisMP4TEST5.mp4,890,"665,390,708,445",Unknown,0.005288677853907276
ThesisMP4TEST5.mp4,895,"1056,491,1181,622",Unknown,0.005246475379512643
ThesisMP4TEST5.mp4,895,"146,458,195,523",Unknown,0.005441125350050092
ThesisMP4TEST5.mp4,895,"645,388,686,439",Unknown,0.005739529370310906
ThesisMP4TEST5.mp4,900,"1084,481,1211,613",Unknown,0.005428070198401997
ThesisMP4TEST5.mp4,900,"180,454,226,517",Unknown,0.005328865098164284
ThesisMP4TEST5.mp4,900,"632,394,668,439",Unknown,0.005335277663789083
ThesisMP4TEST5.mp4,905,"1096,471,1225,619",Unknown,0.00525606963011085
ThesisMP4TEST5.mp4,905,"218,461,261,516",Unknown,0.005301639345654727
ThesisMP4TEST5.mp4,910,"1105,492,1235,633",Unknown,0.005640956587232096
ThesisMP4TEST5.mp4,910,"255,460,302,521",Unknown,0.005532686277608903
ThesisMP4TEST5.mp4,915,"1114,500,1229,629",Unknown,0.0057312272294933525
ThesisMP4TEST5.mp4,915,"299,456,349,515",Unknown,0.00555571163145659
ThesisMP4TEST5.mp4,915,"588,405,624,445",Unknown,0.00554864677861186
ThesisMP4TEST5.mp4,920,"1104,489,1226,626",Unknown,0.005358945286542714
ThesisMP4TEST5.mp4,920,"354,424,419,511",Unknown,0.00538681902360327
ThesisMP4TEST5.mp4,920,"334,439,391,506",Unknown,0.0056186474369651265
ThesisMP4TEST5.mp4,920,"562,388,608,440",Unknown,0.005979363119500809
ThesisMP4TEST5.mp4,925,"1096,493,1218,626",Unknown,0.005367284975597122
ThesisMP4TEST5.mp4,925,"366,439,418,499",Unknown,0.005476083868364818
ThesisMP4TEST5.mp4,925,"556,378,598,430",Unknown,0.0061904001408867705
ThesisMP4TEST5.mp4,930,"1097,484,1217,617",Unknown,0.005312361898449042
ThesisMP4TEST5.mp4,930,"398,443,449,503",Unknown,0.005519272173318043
ThesisMP4TEST5.mp4,930,"551,371,593,427",Unknown,0.006035424164235168
ThesisMP4TEST5.mp4,935,"1089,476,1214,620",Unknown,0.005424755183135097
ThesisMP4TEST5.mp4,935,"435,445,485,503",Unknown,0.0055654889875570825
ThesisMP4TEST5.mp4,935,"546,369,587,422",Unknown,0.006343885836816053
