file,status,predicted,confidence,time,ground_truth,dataset_predicted,dataset_confidence
dean (1).jpg,ok,Jude,0.6837096470430015,2.4453368186950684,dean,,
dean (10).jpg,ok,Jude,0.633780475350051,2.712686061859131,dean,,
dean (12).jpg,ok,Jude,0.5797404252298878,2.8557302951812744,dean,,
dean (13).jpg,ok,Unknown,0.409275327273309,1.0987391471862793,dean,,
dean (11).jpg,ok,Jude,0.7874738464805766,2.7763233184814453,dean,,
dean (14).jpg,ok,Jude,0.6068042636831442,0.7222511768341064,dean,,
dean (15).jpg,ok,dean,0.5797067347470486,0.7886013984680176,dean,,
dean (16).jpg,ok,dean,0.49062135129518275,0.6982672214508057,dean,,
dean (17).jpg,ok,dean,0.6404406475254153,0.819988489151001,dean,,
dean (18).jpg,ok,Unknown,0.43522553776948497,0.7654430866241455,dean,,
dean (19).jpg,ok,dean,0.5653542540608105,0.7260525226593018,dean,,
dean (2).jpg,ok,Jude,0.6614398358122532,0.7115154266357422,dean,,
dean (20).jpg,ok,dean,0.5614149567503863,0.5928454399108887,dean,,
dean (21).jpg,ok,Jude,0.4841543491747085,0.521298885345459,dean,,
dean (22).jpg,ok,dean,0.6525317836684896,0.48913073539733887,dean,,
dean (23).jpg,ok,dean,0.6809569221429711,0.4606339931488037,dean,,
dean (24).jpg,ok,dean,0.6153225614403701,0.5087893009185791,dean,,
dean (25).jpg,ok,dean,0.5002952369335328,0.499112606048584,dean,,
dean (26).jpg,ok,Unknown,0.365216225613164,0.5006914138793945,dean,,
dean (27).jpg,ok,dean,0.49905993441737445,0.5299959182739258,dean,,
dean (28).jpg,ok,Unknown,0.3668911904970947,0.45671606063842773,dean,,
dean (29).jpg,ok,Unknown,0.3246122343820934,0.4748363494873047,dean,,
dean (3).jpg,ok,Jude,0.6893548938710145,0.4509134292602539,dean,,
dean (30).jpg,ok,Unknown,0.36264937363460625,0.4295027256011963,dean,,
dean (31).jpg,ok,Unknown,0.4281122985452801,0.4340379238128662,dean,,
dean (32).jpg,ok,dean,0.615148041714742,0.5540730953216553,dean,,
dean (33).jpg,ok,dean,0.6270385280972699,0.5339052677154541,dean,,
dean (34).jpg,ok,dean,0.7439115295908904,0.5253512859344482,dean,,
dean (35).jpg,ok,dean,0.7987619870848753,0.534142255783081,dean,,
dean (36).jpg,ok,dean,0.7684133804258142,0.4474050998687744,dean,,
dean (37).jpg,ok,dean,0.7263428712674782,0.46521735191345215,dean,,
dean (38).jpg,ok,dean,0.7931460868662508,0.4481682777404785,dean,,
dean (39).jpg,ok,dean,0.7527684521261558,0.43652892112731934,dean,,
dean (4).jpg,ok,Jude,0.6209891663787281,0.43390941619873047,dean,,
dean (40).jpg,ok,dean,0.7361923437573108,0.45082926750183105,dean,,
dean (41).jpg,ok,dean,0.6866517643350769,0.4491994380950928,dean,,
dean (42).jpg,ok,dean,0.6539191078107437,0.5280096530914307,dean,,
dean (43).jpg,ok,dean,0.6472817297364518,0.5017242431640625,dean,,
dean (44).jpg,ok,dean,0.7207118751313252,0.517287015914917,dean,,
dean (45).jpg,ok,dean,0.6821440252867225,0.48198652267456055,dean,,
dean (46).jpg,ok,dean,0.6343364336046833,0.4510016441345215,dean,,
dean (5).jpg,ok,Jude,0.6817546334180457,0.48322534561157227,dean,,
dean (6).jpg,ok,Jude,0.7736044401542557,0.48807692527770996,dean,,
dean (7).jpg,ok,Jude,0.6991279122816562,0.4871833324432373,dean,,
dean (8).jpg,ok,Jude,0.6229339787625328,0.489605188369751,dean,,
dean (9).jpg,ok,Jude,0.7315635023071582,0.774266242980957,dean,,
myke (1).jpg,ok,Jude,0.4601719387815823,0.7684388160705566,myke,,
myke (10).jpg,ok,myke,0.4521430421755857,0.766143798828125,myke,,
myke (100).jpg,ok,Unknown,0.43183974711651457,0.7087228298187256,myke,,
myke (101).jpg,ok,Unknown,0.44990463857719976,0.4407534599304199,myke,,
myke (102).jpg,ok,Jude,0.5827416915929874,0.4504098892211914,myke,,
myke (103).jpg,ok,Jude,0.6461953553329304,0.4492366313934326,myke,,
myke (104).jpg,ok,Jude,0.6482821457765278,0.4788200855255127,myke,,
myke (105).jpg,ok,Jude,0.6220979635234317,0.5820372104644775,myke,,
myke (106).jpg,ok,Jude,0.6598565695961656,0.5401146411895752,myke,,
myke (107).jpg,ok,Jude,0.6322287353709436,0.5549025535583496,myke,,
myke (108).jpg,ok,Jude,0.6171693888383504,0.47008752822875977,myke,,
myke (109).jpg,ok,Jude,0.732390254357582,0.44907093048095703,myke,,
myke (11).jpg,ok,myke,0.5296872243307568,0.4378190040588379,myke,,
myke (110).jpg,ok,Jude,0.6432231985454872,0.45502591133117676,myke,,
myke (111).jpg,ok,Jude,0.5995038942569841,0.42279577255249023,myke,,
myke (112).jpg,ok,Jude,0.667647249249084,0.5547399520874023,myke,,
myke (113).jpg,ok,Jude,0.6386751410835847,0.5464339256286621,myke,,
myke (114).jpg,ok,Jude,0.5734545833438228,0.5261445045471191,myke,,
myke (115).jpg,ok,Jude,0.5576938469683251,0.5484089851379395,myke,,
myke (116).jpg,ok,Jude,0.5132907448218899,0.44261765480041504,myke,,
myke (117).jpg,ok,Jude,0.6149812094932332,0.44382309913635254,myke,,
myke (118).jpg,ok,Jude,0.5303300667448985,0.43891143798828125,myke,,
myke (119).jpg,ok,Jude,0.6027335049733221,0.4281885623931885,myke,,
myke (12).jpg,ok,myke,0.5303559822866153,0.4680039882659912,myke,,
myke (120).jpg,ok,Jude,0.4575447528553859,0.5426645278930664,myke,,
myke (121).jpg,ok,Jude,0.6063615437599976,0.5665135383605957,myke,,
myke (122).jpg,ok,Jude,0.5897429962182221,0.596991777420044,myke,,
myke (123).jpg,ok,Jude,0.7052607141856496,0.5747959613800049,myke,,
myke (13).jpg,ok,myke,0.4689411935069449,0.48030781745910645,myke,,
myke (124).jpg,ok,Unknown,0.426231154118889,0.5562469959259033,myke,,
myke (14).jpg,ok,myke,0.5578636991997417,0.4409668445587158,myke,,
myke (15).jpg,ok,myke,0.5975702642979026,0.4779787063598633,myke,,
myke (16).jpg,ok,myke,0.5877029558575373,0.4979417324066162,myke,,
myke (17).jpg,ok,myke,0.5688139312808954,0.5458998680114746,myke,,
myke (18).jpg,ok,myke,0.4644435811068837,0.5489463806152344,myke,,
myke (19).jpg,ok,Unknown,0.38772937237599064,0.5192122459411621,myke,,
myke (2).jpg,ok,Unknown,0.36408487162614833,0.522972822189331,myke,,
myke (20).jpg,ok,Unknown,0.4111798247069769,0.466555118560791,myke,,
myke (21).jpg,ok,Jude,0.733819190231156,0.44820618629455566,myke,,
myke (22).jpg,ok,Jude,0.7936105777782265,0.42910194396972656,myke,,
myke (23).jpg,ok,Jude,0.7533333639399588,0.49654293060302734,myke,,
myke (25).jpg,ok,Jude,0.7285850103214764,0.5191988945007324,myke,,
myke (24).jpg,ok,Jude,0.8005638533749357,0.5287213325500488,myke,,
myke (26).jpg,ok,Jude,0.8279573178206007,0.5364253520965576,myke,,
myke (27).jpg,ok,Jude,0.7900340102830287,0.5312016010284424,myke,,
myke (28).jpg,ok,Jude,0.6460487830185159,0.5231096744537354,myke,,
myke (29).jpg,ok,Jude,0.6792764742451008,0.5213103294372559,myke,,
myke (3).jpg,ok,Jude,0.4522095701455634,0.4367516040802002,myke,,
myke (30).jpg,ok,Jude,0.6602990789304158,0.4410285949707031,myke,,
myke (31).jpg,ok,Jude,0.7251990139014962,0.4774949550628662,myke,,
myke (32).jpg,ok,Jude,0.7880163529644671,0.49579834938049316,myke,,
myke (33).jpg,ok,Jude,0.6824189667210456,0.527592658996582,myke,,
myke (34).jpg,ok,Jude,0.7684646821235216,0.5035996437072754,myke,,
myke (35).jpg,ok,Jude,0.8476776436068735,0.5302491188049316,myke,,
myke (36).jpg,ok,Jude,0.8553003321695006,0.5268232822418213,myke,,
myke (37).jpg,ok,Jude,0.8500155332267739,0.4683799743652344,myke,,
myke (38).jpg,ok,Jude,0.7648519942063615,0.520531415939331,myke,,
myke (4).jpg,ok,Unknown,0.43889037124330293,0.4986753463745117,myke,,
myke (39).jpg,ok,Jude,0.805322478677637,0.5155000686645508,myke,,
myke (40).jpg,ok,Jude,0.7836387427599637,0.47140002250671387,myke,,
myke (41).jpg,ok,Jude,0.8632858275249095,0.5208168029785156,myke,,
myke (43).jpg,ok,Jude,0.6911528591867419,0.5900139808654785,myke,,
myke (42).jpg,ok,Jude,0.7133197298446524,0.6123740673065186,myke,,
myke (44).jpg,ok,Jude,0.5870052219834233,0.5418598651885986,myke,,
myke (45).jpg,ok,Jude,0.7907697729396468,0.5107936859130859,myke,,
myke (46).jpg,ok,Jude,0.8096050441069578,0.44184279441833496,myke,,
myke (47).jpg,ok,Jude,0.7764992391606577,0.4365537166595459,myke,,
myke (48).jpg,ok,Jude,0.7617960536130451,0.42864298820495605,myke,,
myke (49).jpg,ok,Jude,0.49333396319222234,0.4610147476196289,myke,,
myke (5).jpg,ok,Jude,0.485878217199111,0.48323631286621094,myke,,
myke (50).jpg,ok,Jude,0.5420961017639592,0.48095226287841797,myke,,
myke (51).jpg,ok,Jude,0.48691290257181596,0.5222249031066895,myke,,
myke (52).jpg,ok,Jude,0.6409033459273755,0.5273840427398682,myke,,
myke (54).jpg,ok,Jude,0.6869968842555141,0.49439334869384766,myke,,
myke (53).jpg,ok,Unknown,0.4441123503361764,0.5111589431762695,myke,,
myke (55).jpg,ok,Jude,0.5820385485336939,0.48566317558288574,myke,,
myke (56).jpg,ok,Jude,0.8226194043596168,0.4458143711090088,myke,,
myke (58).jpg,ok,Jude,0.5565744230011795,0.45438551902770996,myke,,
myke (57).jpg,ok,Jude,0.7271532221426614,0.4581923484802246,myke,,
myke (59).jpg,ok,Unknown,0.4442720570886607,0.4360802173614502,myke,,
myke (6).jpg,ok,Jude,0.5234099083855035,0.5146923065185547,myke,,
myke (61).jpg,ok,myke,0.566566227668636,0.5215375423431396,myke,,
myke (60).jpg,ok,Unknown,0.38548493086853747,0.5251214504241943,myke,,
myke (62).jpg,ok,myke,0.5370527277865811,0.48726868629455566,myke,,
myke (63).jpg,ok,myke,0.5766045759606881,0.44769859313964844,myke,,
myke (65).jpg,ok,Unknown,0.34573447946609237,0.4635758399963379,myke,,
myke (64).jpg,ok,myke,0.4582704780202041,0.5006053447723389,myke,,
myke (66).jpg,ok,Unknown,0.4139613333204876,0.4712495803833008,myke,,
myke (67).jpg,ok,myke,0.48217344950226,0.4671053886413574,myke,,
myke (68).jpg,ok,Unknown,0.3893464046816731,0.47389793395996094,myke,,
myke (69).jpg,ok,Unknown,0.3810942221642007,0.4799492359161377,myke,,
myke (7).jpg,ok,Unknown,0.42427993092475724,0.48352980613708496,myke,,
myke (70).jpg,ok,Jude,0.5458478719466344,0.42844510078430176,myke,,
myke (71).jpg,ok,Jude,0.4500689531961854,0.42397403717041016,myke,,
myke (72).jpg,ok,Jude,0.5261223779449397,0.44705867767333984,myke,,
myke (73).jpg,ok,Jude,0.693935880057531,0.4577372074127197,myke,,
myke (74).jpg,ok,Jude,0.7577964689669006,0.4958212375640869,myke,,
myke (75).jpg,ok,Jude,0.6684917430693944,0.5228605270385742,myke,,
myke (76).jpg,ok,Jude,0.7814836345346398,0.5396349430084229,myke,,
myke (77).jpg,ok,Jude,0.6885775827539188,0.4840390682220459,myke,,
myke (78).jpg,ok,Jude,0.8568202100595166,0.4655332565307617,myke,,
myke (79).jpg,ok,Jude,0.8761979980931319,0.44348788261413574,myke,,
myke (8).jpg,ok,Unknown,0.36829841808449604,0.4501223564147949,myke,,
myke (80).jpg,ok,Jude,0.8669838517354171,0.45754528045654297,myke,,
myke (81).jpg,ok,Jude,0.7823794902253579,0.46416330337524414,myke,,
myke (82).jpg,ok,Jude,0.6169428745781818,0.4677562713623047,myke,,
myke (83).jpg,ok,Jude,0.6435500482549517,0.4923245906829834,myke,,
myke (84).jpg,ok,Jude,0.6414714792411547,0.48726463317871094,myke,,
myke (85).jpg,ok,Unknown,0.4081050066309558,0.4943368434906006,myke,,
myke (86).jpg,ok,Unknown,0.39646419374146874,0.4664616584777832,myke,,
myke (87).jpg,ok,Jude,0.4581418586947011,0.46161460876464844,myke,,
myke (88).jpg,ok,myke,0.5673077916167859,0.4448091983795166,myke,,
myke (89).jpg,ok,myke,0.648651596918871,0.44642138481140137,myke,,
myke (9).jpg,ok,Unknown,0.390365114397183,0.5122215747833252,myke,,
myke (91).jpg,ok,Unknown,0.44748606944280683,0.5463707447052002,myke,,
myke (90).jpg,ok,myke,0.5598047809565729,0.5896661281585693,myke,,
myke (92).jpg,ok,myke,0.467554055335894,0.598524808883667,myke,,
myke (93).jpg,ok,Unknown,0.33067160930830114,0.5161080360412598,myke,,
myke (94).jpg,ok,Unknown,0.42537036929522354,0.5376672744750977,myke,,
myke (95).jpg,ok,Unknown,0.36258509153301766,0.5250346660614014,myke,,
myke (96).jpg,ok,Unknown,0.3789430662537945,0.4602944850921631,myke,,
myke (97).jpg,ok,myke,0.530595305796238,0.4461543560028076,myke,,
myke (98).jpg,ok,myke,0.5012812823717229,0.5069708824157715,myke,,
myke (99).jpg,ok,Jude,0.5043572427506989,0.5017940998077393,myke,,
ThesisMP4TEST5_f000003_1_c90_20251023_020352.jpg,ok,Jude,0.801289218413605,0.5160379409790039,,,
ThesisMP4TEST5_f000027_3_c65_20251023_020354.jpg,ok,Jude,0.8720388523339324,0.4960942268371582,,,
ThesisMP4TEST5_f000011_0_c90_20251023_020352.jpg,ok,Unknown,0.0,2.2503623962402344,,,
ThesisMP4TEST5_f000012_1_c83_20251023_020353.jpg,ok,Jude,0.9216919466625385,2.719508409500122,,,
ThesisMP4TEST5_f000028_3_c69_20251023_020354.jpg,ok,Unknown,0.0,2.1798911094665527,,,
ThesisMP4TEST5_f000030_0_c88_20251023_020354.jpg,ok,Jude,0.8267826779032813,0.7423415184020996,,,
ThesisMP4TEST5_f000010_1_c89_20251023_020352.jpg,ok,Jude,0.911058723555693,3.338732957839966,,,
ThesisMP4TEST5_f000031_1_c85_20251023_020355.jpg,ok,Jude,0.711507062060496,0.5238823890686035,,,
ThesisMP4TEST5_f000064_0_c90_20251023_020359.jpg,ok,Jude,0.8839042369002251,0.5354325771331787,,,
ThesisMP4TEST5_f000034_0_c88_20251023_020355.jpg,ok,Jude,0.8779216875790901,0.727940559387207,,,
ThesisMP4TEST5_f000065_0_c90_20251023_020359.jpg,ok,Jude,0.6037455088374045,0.5702676773071289,,,
ThesisMP4TEST5_f000066_0_c89_20251023_020359.jpg,ok,Jude,0.8156149173438443,0.543004035949707,,,
ThesisMP4TEST5_f000067_0_c90_20251023_020359.jpg,ok,Jude,0.6949760155419501,0.48649144172668457,,,
ThesisMP4TEST5_f000068_0_c89_20251023_020400.jpg,ok,Jude,0.7030487141508405,0.4404470920562744,,,
ThesisMP4TEST5_f000080_3_c66_20251023_020402.jpg,ok,Unknown,0.3351579611801015,0.447725772857666,,,
ThesisMP4TEST5_f000081_4_c63_20251023_020402.jpg,ok,Unknown,0.351809264103976,0.4275631904602051,,,
ThesisMP4TEST5_f000082_4_c64_20251023_020402.jpg,ok,Jude,0.4941196480441862,0.49605369567871094,,,
ThesisMP4TEST5_f000083_1_c83_20251023_020402.jpg,ok,Jude,0.7297854210266936,0.484783411026001,,,
ThesisMP4TEST5_f000084_0_c84_20251023_020402.jpg,ok,Jude,0.5193585000699842,0.4791724681854248,,,
ThesisMP4TEST5_f000085_0_c91_20251023_020402.jpg,ok,Unknown,0.31571981810685107,0.5039510726928711,,,
ThesisMP4TEST5_f000087_0_c92_20251023_020402.jpg,ok,Unknown,0.37572160488048906,0.4904170036315918,,,
ThesisMP4TEST5_f000086_0_c91_20251023_020402.jpg,ok,Unknown,0.30039204483492016,0.4933285713195801,,,
ThesisMP4TEST5_f000088_0_c92_20251023_020403.jpg,ok,Unknown,0.3701390079776863,0.454939603805542,,,
ThesisMP4TEST5_f000089_0_c91_20251023_020403.jpg,ok,Unknown,0.4086579646662221,0.47664356231689453,,,
ThesisMP4TEST5_f000090_0_c92_20251023_020403.jpg,ok,Unknown,0.40818093960898744,0.5213978290557861,,,
ThesisMP4TEST5_f000091_0_c90_20251023_020403.jpg,ok,Unknown,0.3469873907397485,0.5323519706726074,,,
ThesisMP4TEST5_f000106_1_c76_20251023_020406.jpg,ok,Jude,0.806375937233341,0.5056331157684326,,,
ThesisMP4TEST5_f000107_0_c83_20251023_020406.jpg,ok,Jude,0.7799361501450193,0.4737427234649658,,,
ThesisMP4TEST5_f000108_1_c89_20251023_020406.jpg,ok,Jude,0.7068338122737622,0.38349008560180664,,,
ThesisMP4TEST5_f000336_0_c90_20251023_020443.jpg,ok,Jude,0.6930295646977995,0.3867919445037842,,,
ThesisMP4TEST5_f000337_0_c90_20251023_020443.jpg,ok,Jude,0.5917635052038607,0.3612802028656006,,,
ThesisMP4TEST5_f000338_1_c89_20251023_020443.jpg,ok,Jude,0.7506747421668746,0.30913281440734863,,,
ThesisMP4TEST5_f000339_1_c87_20251023_020443.jpg,ok,Jude,0.7220917245603531,0.3266637325286865,,,
ThesisMP4TEST5_f000346_0_c91_20251023_020444.jpg,ok,Jude,0.6179255998811707,0.29449939727783203,,,
ThesisMP4TEST5_f000344_4_c60_20251023_020444.jpg,ok,Unknown,0.0,0.7928285598754883,,,
ThesisMP4TEST5_f000347_0_c90_20251023_020444.jpg,ok,Jude,0.6365771889419932,0.28898143768310547,,,
ThesisMP4TEST5_f000343_4_c60_20251023_020444.jpg,ok,Unknown,0.0,0.9488968849182129,,,
ThesisMP4TEST5_f000354_2_c85_20251023_020446.jpg,ok,Jude,0.678110009190056,0.31247568130493164,,,
ThesisMP4TEST5_f000362_0_c89_20251023_020447.jpg,ok,Unknown,0.43601994321612686,0.31922388076782227,,,
ThesisMP4TEST5_f000342_2_c88_20251023_020444.jpg,ok,Jude,0.8409613306339846,1.2242400646209717,,,
ThesisMP4TEST5_f000363_2_c85_20251023_020447.jpg,ok,Jude,0.5192467102068394,0.32076025009155273,,,
ThesisMP4TEST5_f000364_3_c76_20251023_020447.jpg,ok,Unknown,0.3816287538609013,0.30193042755126953,,,
ThesisMP4TEST5_f000366_4_c68_20251023_020448.jpg,ok,Jude,0.7606775651855496,0.3214881420135498,,,
ThesisMP4TEST5_f000365_5_c44_20251023_020447.jpg,ok,Jude,0.6716725072612347,0.33280467987060547,,,
ThesisMP4TEST5_f000367_4_c73_20251023_020448.jpg,ok,Jude,0.7408483916639416,0.2939891815185547,,,
ThesisMP4TEST5_f000368_3_c81_20251023_020448.jpg,ok,Jude,0.7108691512845932,0.28882789611816406,,,
ThesisMP4TEST5_f000389_3_c86_20251023_020451.jpg,ok,Jude,0.503669870356143,0.3391861915588379,,,
ThesisMP4TEST5_f000370_2_c84_20251023_020448.jpg,ok,Jude,0.5968880729176211,0.34926438331604004,,,
ThesisMP4TEST5_f000393_0_c90_20251023_020451.jpg,ok,Jude,0.47641373134935233,0.3378024101257324,,,
ThesisMP4TEST5_f000401_1_c82_20251023_020452.jpg,ok,Unknown,0.44459300773502464,0.3177804946899414,,,
ThesisMP4TEST5_f000426_0_c87_20251023_020456.jpg,ok,Unknown,0.4411110372343554,0.3268604278564453,,,
ThesisMP4TEST5_f000475_1_c87_20251023_020502.jpg,ok,Jude,0.6069146376178659,0.33089208602905273,,,
ThesisMP4TEST5_f000476_0_c89_20251023_020502.jpg,ok,Jude,0.5862860990172095,0.2934134006500244,,,
ThesisMP4TEST5_f000477_1_c88_20251023_020502.jpg,ok,Jude,0.5333080212208166,0.31908440589904785,,,
ThesisMP4TEST5_f000478_1_c89_20251023_020502.jpg,ok,Unknown,0.39076433182399306,0.31482386589050293,,,
ThesisMP4TEST5_f000479_1_c88_20251023_020503.jpg,ok,Unknown,0.43170091436953256,0.3119385242462158,,,
ThesisMP4TEST5_f000480_1_c89_20251023_020503.jpg,ok,Unknown,0.3432587690374656,0.31059813499450684,,,
ThesisMP4TEST5_f000482_1_c89_20251023_020503.jpg,ok,Jude,0.6210020097744703,0.3144562244415283,,,
ThesisMP4TEST5_f000405_2_c82_20251023_020453.jpg,ok,Unknown,0.0,1.034172534942627,,,
ThesisMP4TEST5_f000483_0_c89_20251023_020503.jpg,ok,Jude,0.5598659566849954,0.29970550537109375,,,
ThesisMP4TEST5_f000485_1_c88_20251023_020503.jpg,ok,Jude,0.7359396036700615,0.329226016998291,,,
ThesisMP4TEST5_f000486_1_c87_20251023_020503.jpg,ok,Jude,0.6080529364266609,0.3254561424255371,,,
ThesisMP4TEST5_f000487_1_c89_20251023_020503.jpg,ok,Jude,0.5006204174420507,0.28886914253234863,,,
ThesisMP4TEST5_f000488_1_c89_20251023_020503.jpg,ok,Jude,0.6199856859621501,0.28303050994873047,,,
ThesisMP4TEST5_f000490_1_c87_20251023_020504.jpg,ok,Jude,0.560793386033144,0.33170461654663086,,,
ThesisMP4TEST5_f000489_1_c88_20251023_020504.jpg,ok,Jude,0.5713182737532303,0.3379034996032715,,,
ThesisMP4TEST5_f000491_1_c87_20251023_020504.jpg,ok,Jude,0.6571453898351897,0.31902194023132324,,,
ThesisMP4TEST5_f000502_1_c83_20251023_020505.jpg,ok,Jude,0.6709561507184241,0.28989720344543457,,,
ThesisMP4TEST5_f000504_1_c82_20251023_020506.jpg,ok,Jude,0.459095753843863,0.31841158866882324,,,
ThesisMP4TEST5_f000574_1_c88_20251023_020516.jpg,ok,Jude,0.5238224865300827,0.32159900665283203,,,
ThesisMP4TEST5_f000571_1_c89_20251023_020515.jpg,ok,Jude,0.6117267541694479,0.3498039245605469,,,
ThesisMP4TEST5_f000575_1_c86_20251023_020516.jpg,ok,Jude,0.6099770435545145,0.2994852066040039,,,
ThesisMP4TEST5_f000578_1_c88_20251023_020517.jpg,ok,Jude,0.6152845452838784,0.3338291645050049,,,
ThesisMP4TEST5_f000585_2_c83_20251023_020518.jpg,ok,Jude,0.8150744810277831,0.31481313705444336,,,
ThesisMP4TEST5_f000582_0_c84_20251023_020517.jpg,ok,Jude,0.7520391452346569,0.3224015235900879,,,
ThesisMP4TEST5_f000580_0_c86_20251023_020517.jpg,ok,Jude,0.7806125337140934,0.3488767147064209,,,
ThesisMP4TEST5_f000589_2_c83_20251023_020518.jpg,ok,Unknown,0.3314233491149323,0.33910155296325684,,,
ThesisMP4TEST5_f000590_4_c79_20251023_020518.jpg,ok,Unknown,0.31224650035250306,0.34432435035705566,,,
ThesisMP4TEST5_f000596_1_c88_20251023_020519.jpg,ok,Jude,0.6099429738062193,0.3766601085662842,,,
ThesisMP4TEST5_f000591_1_c85_20251023_020518.jpg,ok,Unknown,0.35249013527347667,0.38682007789611816,,,
ThesisMP4TEST5_f000597_1_c87_20251023_020520.jpg,ok,Jude,0.5098037263089576,0.3113727569580078,,,
ThesisMP4TEST5_f000598_0_c87_20251023_020520.jpg,ok,Jude,0.4785182098521773,0.3372201919555664,,,
ThesisMP4TEST5_f000600_0_c89_20251023_020520.jpg,ok,Unknown,0.38638345578929273,0.3414905071258545,,,
ThesisMP4TEST5_f000599_0_c89_20251023_020520.jpg,ok,Jude,0.5449301053704401,0.3567788600921631,,,
ThesisMP4TEST5_f000601_0_c89_20251023_020520.jpg,ok,Unknown,0.4118397400527177,0.2935824394226074,,,
ThesisMP4TEST5_f000602_0_c89_20251023_020520.jpg,ok,Unknown,0.2833259485883773,0.30469679832458496,,,
ThesisMP4TEST5_f000603_0_c91_20251023_020520.jpg,ok,Jude,0.6247538322852694,0.3383150100708008,,,
ThesisMP4TEST5_f000605_0_c91_20251023_020520.jpg,ok,Jude,0.6981664896199156,0.34598302841186523,,,
ThesisMP4TEST5_f000606_0_c91_20251023_020520.jpg,ok,Jude,0.6302282069814891,0.32374072074890137,,,
ThesisMP4TEST5_f000607_0_c90_20251023_020520.jpg,ok,Jude,0.5864348666079909,0.32623934745788574,,,
ThesisMP4TEST5_f000651_1_c89_20251023_020528.jpg,ok,Jude,0.6844491849668793,0.3245387077331543,,,
ThesisMP4TEST5_f000652_0_c89_20251023_020528.jpg,ok,Jude,0.5158972872922449,0.34032654762268066,,,
ThesisMP4TEST5_f000653_0_c88_20251023_020528.jpg,ok,Jude,0.5148094585987594,0.31107258796691895,,,
ThesisMP4TEST5_f000654_0_c87_20251023_020528.jpg,ok,Jude,0.6067008888797428,0.3311173915863037,,,
ThesisMP4TEST5_f000655_0_c88_20251023_020528.jpg,ok,Jude,0.7555422071268243,0.595482349395752,,,
ThesisMP4TEST5_f000656_0_c89_20251023_020528.jpg,ok,Jude,0.6442420334093353,0.6348202228546143,,,
ThesisMP4TEST5_f000657_0_c86_20251023_020528.jpg,ok,Jude,0.5334618013171487,0.7692854404449463,,,
ThesisMP4TEST5_f000658_0_c85_20251023_020528.jpg,ok,Jude,0.6391095155829312,0.7979583740234375,,,
ThesisMP4TEST5_f000659_3_c81_20251023_020529.jpg,ok,Jude,0.5877710966565906,0.5830602645874023,,,
ThesisMP4TEST5_f000661_0_c87_20251023_020529.jpg,ok,Jude,0.5437099803155426,0.5787680149078369,,,
ThesisMP4TEST5_f000662_0_c88_20251023_020529.jpg,ok,Unknown,0.4328081291064105,0.4880664348602295,,,
ThesisMP4TEST5_f000663_0_c89_20251023_020529.jpg,ok,Jude,0.6193940469836388,0.465315580368042,,,
ThesisMP4TEST5_f000664_0_c89_20251023_020529.jpg,ok,Jude,0.4807298518588959,0.4326498508453369,,,
ThesisMP4TEST5_f000665_0_c88_20251023_020529.jpg,ok,Jude,0.4995474367427145,0.4359753131866455,,,
ThesisMP4TEST5_f000666_0_c87_20251023_020529.jpg,ok,Jude,0.5955226825172265,0.4304165840148926,,,
ThesisMP4TEST5_f000667_0_c87_20251023_020529.jpg,ok,Jude,0.5121612511572293,0.4680290222167969,,,
ThesisMP4TEST5_f000668_0_c87_20251023_020529.jpg,ok,Unknown,0.3977941213393587,0.5134444236755371,,,
ThesisMP4TEST5_f000669_0_c87_20251023_020529.jpg,ok,Jude,0.45127895259200496,0.510453462600708,,,
ThesisMP4TEST5_f000670_0_c87_20251023_020529.jpg,ok,Jude,0.539860402815466,0.5350503921508789,,,
ThesisMP4TEST5_f000671_0_c86_20251023_020530.jpg,ok,Jude,0.6187805066416355,0.5146636962890625,,,
ThesisMP4TEST5_f000672_0_c86_20251023_020530.jpg,ok,Jude,0.49248280830629226,0.49277234077453613,,,
ThesisMP4TEST5_f000673_0_c88_20251023_020530.jpg,ok,Jude,0.5383488745434205,0.44576573371887207,,,
ThesisMP4TEST5_f000675_0_c90_20251023_020530.jpg,ok,Jude,0.7623636082796404,0.4443783760070801,,,
ThesisMP4TEST5_f000678_3_c72_20251023_020530.jpg,ok,Jude,0.5637043217468074,0.4404182434082031,,,
ThesisMP4TEST5_f000703_0_c88_20251023_020534.jpg,ok,Jude,0.816135236470931,0.4658679962158203,,,
ThesisMP4TEST5_f000688_0_c85_20251023_020532.jpg,ok,Jude,0.8155898584759348,0.5036406517028809,,,
ThesisMP4TEST5_f000732_1_c83_20251023_020538.jpg,ok,Unknown,0.42554479567391923,0.5176270008087158,,,
ThesisMP4TEST5_f000735_0_c87_20251023_020538.jpg,ok,Unknown,0.3521835921857072,0.5715582370758057,,,
ThesisMP4TEST5_f000736_1_c85_20251023_020538.jpg,ok,Unknown,0.33603253034197783,0.5743680000305176,,,
ThesisMP4TEST5_f000738_1_c85_20251023_020538.jpg,ok,Unknown,0.34957160160475337,0.5580394268035889,,,
ThesisMP4TEST5_f000740_0_c84_20251023_020538.jpg,ok,Unknown,0.38724390397777814,0.4775960445404053,,,
ThesisMP4TEST5_f000741_0_c85_20251023_020538.jpg,ok,Unknown,0.41958091812441983,0.45985984802246094,,,
ThesisMP4TEST5_f000743_0_c84_20251023_020538.jpg,ok,Unknown,0.32044088494587286,0.4545416831970215,,,
ThesisMP4TEST5_f000744_0_c88_20251023_020539.jpg,ok,Jude,0.45101669564105207,0.4552750587463379,,,
ThesisMP4TEST5_f000745_0_c88_20251023_020539.jpg,ok,dean,0.6897277037540588,0.4587371349334717,,,
ThesisMP4TEST5_f000746_1_c86_20251023_020539.jpg,ok,Unknown,0.28858875639997605,0.5189807415008545,,,
ThesisMP4TEST5_f000747_0_c89_20251023_020539.jpg,ok,Unknown,0.2921205730033149,0.6235699653625488,,,
ThesisMP4TEST5_f000748_1_c90_20251023_020539.jpg,ok,Unknown,0.29066287603613145,0.6448009014129639,,,
ThesisMP4TEST5_f000749_1_c91_20251023_020539.jpg,ok,Unknown,0.3244238467068118,0.6451551914215088,,,
ThesisMP4TEST5_f000750_1_c91_20251023_020539.jpg,ok,Unknown,0.3083790390803304,0.5751821994781494,,,
ThesisMP4TEST5_f000752_0_c92_20251023_020539.jpg,ok,Unknown,0.35969234852501053,0.4639871120452881,,,
ThesisMP4TEST5_f000751_0_c92_20251023_020539.jpg,ok,Unknown,0.39415635477200395,0.5032265186309814,,,
ThesisMP4TEST5_f000753_0_c92_20251023_020539.jpg,ok,Unknown,0.43742140526610807,0.4413573741912842,,,
ThesisMP4TEST5_f000754_0_c92_20251023_020539.jpg,ok,Unknown,0.3027246764609554,0.5092017650604248,,,
ThesisMP4TEST5_f000755_0_c93_20251023_020540.jpg,ok,Unknown,0.3691994451854516,0.5649361610412598,,,
ThesisMP4TEST5_f000756_0_c93_20251023_020540.jpg,ok,Unknown,0.3542269310463765,0.569042444229126,,,
ThesisMP4TEST5_f000757_0_c93_20251023_020540.jpg,ok,Unknown,0.37825070229812685,0.515068531036377,,,
ThesisMP4TEST5_f000758_0_c92_20251023_020540.jpg,ok,Unknown,0.23238933114346239,0.45920372009277344,,,
ThesisMP4TEST5_f000759_0_c92_20251023_020540.jpg,ok,Unknown,0.32797444504857437,0.46599483489990234,,,
ThesisMP4TEST5_f000760_0_c92_20251023_020540.jpg,ok,Unknown,0.26073005845981634,0.4532914161682129,,,
ThesisMP4TEST5_f000761_0_c92_20251023_020540.jpg,ok,Unknown,0.27942209023264003,0.4284517765045166,,,
ThesisMP4TEST5_f000762_0_c91_20251023_020540.jpg,ok,Unknown,0.29930281560069244,0.4291038513183594,,,
ThesisMP4TEST5_f000763_0_c90_20251023_020540.jpg,ok,Unknown,0.2699009655333381,0.5189955234527588,,,
ThesisMP4TEST5_f000764_0_c90_20251023_020540.jpg,ok,Unknown,0.358620003282338,0.5346224308013916,,,
ThesisMP4TEST5_f000765_0_c89_20251023_020540.jpg,ok,Unknown,0.4102689954547642,0.5052659511566162,,,
ThesisMP4TEST5_f000766_0_c89_20251023_020540.jpg,ok,Unknown,0.39928998250501224,0.5002367496490479,,,
ThesisMP4TEST5_f000767_0_c88_20251023_020540.jpg,ok,Jude,0.46870879406645316,0.4395618438720703,,,
ThesisMP4TEST5_f000769_0_c90_20251023_020541.jpg,ok,Unknown,0.3806090154114592,0.4577145576477051,,,
ThesisMP4TEST5_f000768_0_c89_20251023_020541.jpg,ok,Jude,0.5164978591400953,0.46549415588378906,,,
ThesisMP4TEST5_f000770_0_c90_20251023_020541.jpg,ok,Unknown,0.30418785554776134,0.4323599338531494,,,
ThesisMP4TEST5_f000771_0_c89_20251023_020541.jpg,ok,Unknown,0.3637307599530416,0.42531394958496094,,,
ThesisMP4TEST5_f000772_0_c89_20251023_020541.jpg,ok,Jude,0.4786029273046659,0.5007026195526123,,,
ThesisMP4TEST5_f000773_0_c89_20251023_020541.jpg,ok,Jude,0.5741610140064569,0.500251293182373,,,
ThesisMP4TEST5_f000774_0_c90_20251023_020541.jpg,ok,Jude,0.5131336392352057,0.49785518646240234,,,
ThesisMP4TEST5_f000775_0_c90_20251023_020541.jpg,ok,Jude,0.5262977556587903,0.5354080200195312,,,
ThesisMP4TEST5_f000776_0_c90_20251023_020541.jpg,ok,Jude,0.5557654358948496,0.5156292915344238,,,
ThesisMP4TEST5_f000777_0_c91_20251023_020541.jpg,ok,Unknown,0.3342873581295468,0.5167615413665771,,,
ThesisMP4TEST5_f000778_0_c91_20251023_020541.jpg,ok,Unknown,0.3685231746339579,0.4811699390411377,,,
ThesisMP4TEST5_f000779_0_c91_20251023_020541.jpg,ok,Unknown,0.2459183204739522,0.44422268867492676,,,
ThesisMP4TEST5_f000781_0_c92_20251023_020542.jpg,ok,Unknown,0.42595176688835906,0.5007317066192627,,,
ThesisMP4TEST5_f000780_0_c91_20251023_020542.jpg,ok,Unknown,0.4198489053132058,0.5198764801025391,,,
ThesisMP4TEST5_f000782_0_c92_20251023_020542.jpg,ok,Jude,0.6533645202356599,0.5247952938079834,,,
ThesisMP4TEST5_f000783_0_c91_20251023_020542.jpg,ok,Jude,0.5878134254993043,0.617783784866333,,,
ThesisMP4TEST5_f000784_0_c90_20251023_020542.jpg,ok,Jude,0.5350362809512746,0.6306347846984863,,,
ThesisMP4TEST5_f000785_1_c89_20251023_020542.jpg,ok,Jude,0.6300575952030437,0.6382458209991455,,,
ThesisMP4TEST5_f000786_0_c90_20251023_020542.jpg,ok,Jude,0.7120370935905328,0.5941696166992188,,,
ThesisMP4TEST5_f000787_0_c90_20251023_020542.jpg,ok,Jude,0.6139741257127226,0.5970871448516846,,,
ThesisMP4TEST5_f000788_0_c92_20251023_020542.jpg,ok,Jude,0.7276918523188914,0.6210081577301025,,,
ThesisMP4TEST5_f000789_0_c92_20251023_020542.jpg,ok,Jude,0.7468550987739236,0.6882538795471191,,,
ThesisMP4TEST5_f000790_0_c93_20251023_020542.jpg,ok,Jude,0.6115248100526149,0.7588083744049072,,,
ThesisMP4TEST5_f000791_0_c93_20251023_020542.jpg,ok,Jude,0.6647866509834709,0.598137617111206,,,
ThesisMP4TEST5_f000792_0_c93_20251023_020543.jpg,ok,Unknown,0.3353740593582514,0.4835829734802246,,,
ThesisMP4TEST5_f000793_0_c93_20251023_020543.jpg,ok,Unknown,0.39931980852359594,0.4545896053314209,,,
ThesisMP4TEST5_f000794_0_c93_20251023_020543.jpg,ok,Unknown,0.25595287893553725,0.4564952850341797,,,
ThesisMP4TEST5_f000795_0_c93_20251023_020543.jpg,ok,Jude,0.6614262706727471,0.4571206569671631,,,
ThesisMP4TEST5_f000796_0_c93_20251023_020543.jpg,ok,Unknown,0.4037132801880443,0.44095706939697266,,,
ThesisMP4TEST5_f000797_0_c92_20251023_020543.jpg,ok,Jude,0.5967965305405892,0.4496023654937744,,,
ThesisMP4TEST5_f000798_0_c92_20251023_020543.jpg,ok,Jude,0.46097310246881923,0.495166540145874,,,
ThesisMP4TEST5_f000799_0_c90_20251023_020543.jpg,ok,Jude,0.7581947033724732,0.5129938125610352,,,
ThesisMP4TEST5_f000800_1_c89_20251023_020543.jpg,ok,Jude,0.621023140658643,0.5075948238372803,,,
ThesisMP4TEST5_f000801_1_c89_20251023_020543.jpg,ok,Jude,0.708656012714822,0.5138380527496338,,,
ThesisMP4TEST5_f000802_1_c89_20251023_020543.jpg,ok,Jude,0.5716184057853279,0.44695043563842773,,,
ThesisMP4TEST5_f000803_1_c89_20251023_020544.jpg,ok,Jude,0.66737354974431,0.4494173526763916,,,
ThesisMP4TEST5_f000804_1_c89_20251023_020544.jpg,ok,Jude,0.598031305106075,0.43813133239746094,,,
ThesisMP4TEST5_f000805_0_c89_20251023_020544.jpg,ok,Jude,0.7834066549013461,0.44882655143737793,,,
ThesisMP4TEST5_f000806_0_c89_20251023_020544.jpg,ok,Jude,0.5466654276104767,0.4386131763458252,,,
ThesisMP4TEST5_f000807_0_c89_20251023_020544.jpg,ok,Jude,0.7087868221781248,0.5058026313781738,,,
ThesisMP4TEST5_f000808_0_c89_20251023_020544.jpg,ok,Jude,0.6754769000662003,0.5038573741912842,,,
ThesisMP4TEST5_f000809_0_c89_20251023_020544.jpg,ok,Jude,0.7183898246110758,0.5036463737487793,,,
ThesisMP4TEST5_f000810_0_c90_20251023_020544.jpg,ok,Jude,0.7298646183950558,0.5009806156158447,,,
ThesisMP4TEST5_f000811_0_c91_20251023_020544.jpg,ok,Jude,0.8192956454619658,0.43166136741638184,,,
ThesisMP4TEST5_f000812_0_c91_20251023_020544.jpg,ok,Jude,0.7214396919613086,0.48325419425964355,,,
ThesisMP4TEST5_f000813_0_c91_20251023_020544.jpg,ok,Jude,0.7141571603676832,0.5213334560394287,,,
ThesisMP4TEST5_f000814_0_c91_20251023_020544.jpg,ok,Jude,0.7982058516257472,0.5189099311828613,,,
ThesisMP4TEST5_f000817_0_c90_20251023_020545.jpg,ok,Jude,0.8056279579752216,0.5307726860046387,,,
ThesisMP4TEST5_f000818_0_c91_20251023_020545.jpg,ok,Jude,0.8399755260605781,0.4629809856414795,,,
ThesisMP4TEST5_f000829_0_c89_20251023_020547.jpg,ok,Jude,0.718865981299279,0.5781490802764893,,,
ThesisMP4TEST5_f000830_0_c89_20251023_020547.jpg,ok,Jude,0.7632568561619649,0.6203031539916992,,,
ThesisMP4TEST5_f000831_0_c89_20251023_020547.jpg,ok,Jude,0.708334739425726,0.5674402713775635,,,
ThesisMP4TEST5_f000832_0_c88_20251023_020547.jpg,ok,Jude,0.6892118316606951,0.5575189590454102,,,
ThesisMP4TEST5_f000833_0_c88_20251023_020547.jpg,ok,Jude,0.7161384020630006,0.4495406150817871,,,
ThesisMP4TEST5_f000834_0_c89_20251023_020547.jpg,ok,Jude,0.7360277235574423,0.433809757232666,,,
ThesisMP4TEST5_f000835_0_c89_20251023_020547.jpg,ok,Jude,0.6275571595029588,0.4428112506866455,,,
ThesisMP4TEST5_f000836_0_c89_20251023_020547.jpg,ok,Jude,0.9148029857459571,0.4496171474456787,,,
ThesisMP4TEST5_f000837_0_c88_20251023_020547.jpg,ok,Jude,0.6322684307328741,0.4863619804382324,,,
ThesisMP4TEST5_f000838_0_c89_20251023_020547.jpg,ok,Jude,0.6131363537970557,0.5176725387573242,,,
ThesisMP4TEST5_f000839_0_c89_20251023_020547.jpg,ok,Jude,0.8205436848657027,0.4932079315185547,,,
ThesisMP4TEST5_f000840_0_c89_20251023_020547.jpg,ok,Jude,0.6643526730733281,0.49644017219543457,,,
ThesisMP4TEST5_f000841_0_c89_20251023_020548.jpg,ok,Jude,0.6923369318108997,0.43827247619628906,,,
ThesisMP4TEST5_f000842_0_c90_20251023_020548.jpg,ok,Jude,0.45440031672329323,0.4300222396850586,,,
ThesisMP4TEST5_f000843_0_c90_20251023_020548.jpg,ok,Unknown,0.36585468593142967,0.4350714683532715,,,
ThesisMP4TEST5_f000844_0_c92_20251023_020548.jpg,ok,Jude,0.5730102912799038,0.43863892555236816,,,
ThesisMP4TEST5_f000845_0_c92_20251023_020548.jpg,ok,Jude,0.5952883919147908,0.43146777153015137,,,
ThesisMP4TEST5_f000846_0_c90_20251023_020548.jpg,ok,Jude,0.5166681691851244,0.4397084712982178,,,
ThesisMP4TEST5_f000847_0_c89_20251023_020548.jpg,ok,Jude,0.5025332262894048,0.5487556457519531,,,
ThesisMP4TEST5_f000848_0_c90_20251023_020548.jpg,ok,Jude,0.6336110931744786,0.5293567180633545,,,
ThesisMP4TEST5_f000849_0_c87_20251023_020548.jpg,ok,Jude,0.543595296149906,0.5274944305419922,,,
ThesisMP4TEST5_f000850_0_c89_20251023_020548.jpg,ok,Jude,0.7367289234917228,0.536780595779419,,,
ThesisMP4TEST5_f000851_0_c90_20251023_020548.jpg,ok,Jude,0.7632941115473428,0.4829988479614258,,,
ThesisMP4TEST5_f000852_0_c91_20251023_020549.jpg,ok,Jude,0.7875820991491315,0.5088245868682861,,,
ThesisMP4TEST5_f000853_0_c91_20251023_020549.jpg,ok,Jude,0.7346101381431225,0.454148530960083,,,
ThesisMP4TEST5_f000854_0_c91_20251023_020549.jpg,ok,Jude,0.6584401762934735,0.45779943466186523,,,
ThesisMP4TEST5_f000855_0_c90_20251023_020549.jpg,ok,Jude,0.687618417876967,0.4868786334991455,,,
ThesisMP4TEST5_f000856_0_c91_20251023_020549.jpg,ok,Jude,0.6507380930228653,0.5122528076171875,,,
ThesisMP4TEST5_f000857_0_c91_20251023_020549.jpg,ok,Jude,0.5322938760579353,0.5108575820922852,,,
ThesisMP4TEST5_f000858_0_c92_20251023_020549.jpg,ok,Jude,0.527461937636602,0.5167887210845947,,,
ThesisMP4TEST5_f000859_0_c90_20251023_020549.jpg,ok,Jude,0.5621616210224702,0.5046944618225098,,,
ThesisMP4TEST5_f000860_0_c90_20251023_020549.jpg,ok,Jude,0.6634444821387441,0.464479923248291,,,
ThesisMP4TEST5_f000861_0_c91_20251023_020549.jpg,ok,Jude,0.5538289900314636,0.4738616943359375,,,
ThesisMP4TEST5_f000862_0_c92_20251023_020549.jpg,ok,Jude,0.661793300189045,0.4373462200164795,,,
ThesisMP4TEST5_f000863_0_c92_20251023_020550.jpg,ok,Jude,0.6508189306521758,0.4335906505584717,,,
ThesisMP4TEST5_f000864_0_c92_20251023_020550.jpg,ok,Jude,0.5530364735452225,0.43544721603393555,,,
ThesisMP4TEST5_f000865_0_c92_20251023_020550.jpg,ok,Jude,0.6318129186262889,0.425795316696167,,,
ThesisMP4TEST5_f000866_0_c91_20251023_020550.jpg,ok,Unknown,0.415305898177232,0.5191881656646729,,,
ThesisMP4TEST5_f000867_0_c91_20251023_020550.jpg,ok,Jude,0.5526223543569251,0.5763387680053711,,,
ThesisMP4TEST5_f000868_0_c88_20251023_020550.jpg,ok,Unknown,0.4431200153196493,0.5720887184143066,,,
ThesisMP4TEST5_f000869_0_c90_20251023_020550.jpg,ok,Jude,0.617283687323638,0.5769438743591309,,,
ThesisMP4TEST5_f000870_0_c89_20251023_020550.jpg,ok,Unknown,0.3436741202527901,0.49064183235168457,,,
ThesisMP4TEST5_f000871_0_c89_20251023_020550.jpg,ok,Jude,0.4777923720427077,0.477384090423584,,,
ThesisMP4TEST5_f000872_0_c89_20251023_020550.jpg,ok,Jude,0.8280761150102096,0.4756908416748047,,,
ThesisMP4TEST5_f000873_0_c89_20251023_020550.jpg,ok,Jude,0.8909546410377484,0.4622807502746582,,,
ThesisMP4TEST5_f000874_0_c90_20251023_020550.jpg,ok,Jude,0.8604353102340121,0.4477417469024658,,,
ThesisMP4TEST5_f000876_0_c93_20251023_020551.jpg,ok,Jude,0.8266138663467753,0.5037767887115479,,,
ThesisMP4TEST5_f000875_0_c93_20251023_020551.jpg,ok,Jude,0.8088014633567859,0.5174136161804199,,,
ThesisMP4TEST5_f000877_0_c93_20251023_020551.jpg,ok,Jude,0.8434303519488349,0.5227203369140625,,,
ThesisMP4TEST5_f000878_0_c92_20251023_020551.jpg,ok,Jude,0.8786363112680766,0.5101983547210693,,,
ThesisMP4TEST5_f000879_0_c92_20251023_020551.jpg,ok,Jude,0.8532670789557133,0.4561476707458496,,,
ThesisMP4TEST5_f000880_0_c90_20251023_020551.jpg,ok,Jude,0.548001498521751,0.45766472816467285,,,
ThesisMP4TEST5_f000881_0_c91_20251023_020551.jpg,ok,Unknown,0.4280369624028373,0.42503905296325684,,,
ThesisMP4TEST5_f000882_0_c91_20251023_020551.jpg,ok,Unknown,0.41655932760834546,0.4256017208099365,,,
ThesisMP4TEST5_f000884_0_c91_20251023_020551.jpg,ok,Unknown,0.40227254909710264,0.5492374897003174,,,
ThesisMP4TEST5_f000883_0_c91_20251023_020551.jpg,ok,Jude,0.45226424726052267,0.5757002830505371,,,
ThesisMP4TEST5_f000885_0_c92_20251023_020551.jpg,ok,Jude,0.7541933656868933,0.5648443698883057,,,
ThesisMP4TEST5_f000886_0_c93_20251023_020552.jpg,ok,Jude,0.8406950480066442,0.4988093376159668,,,
ThesisMP4TEST5_f000887_0_c93_20251023_020552.jpg,ok,Jude,0.5279240121049812,0.43819189071655273,,,
ThesisMP4TEST5_f000888_0_c93_20251023_020552.jpg,ok,Jude,0.876794285802167,0.45775890350341797,,,
ThesisMP4TEST5_f000889_0_c93_20251023_020552.jpg,ok,Jude,0.8758853450374687,0.4370403289794922,,,
ThesisMP4TEST5_f000891_0_c92_20251023_020552.jpg,ok,Jude,0.8410015574394482,0.4257240295410156,,,
ThesisMP4TEST5_f000892_1_c90_20251023_020552.jpg,ok,Jude,0.5924820034567503,0.3243534564971924,,,
ThesisMP4TEST5_f000895_1_c88_20251023_020553.jpg,ok,Jude,0.6310107817608425,0.3274250030517578,,,
ThesisMP4TEST5_f000898_2_c89_20251023_020553.jpg,ok,Jude,0.8800539278132576,0.3589327335357666,,,
ThesisMP4TEST5_f000901_1_c88_20251023_020554.jpg,ok,Jude,0.8567634498076809,0.35579562187194824,,,
ThesisMP4TEST5_f000902_1_c87_20251023_020554.jpg,ok,Jude,0.824227164185457,0.3183002471923828,,,
ThesisMP4TEST5_f000903_2_c86_20251023_020554.jpg,ok,Jude,0.8475007239266014,0.3302140235900879,,,
ThesisMP4TEST5_f000904_3_c82_20251023_020554.jpg,ok,Jude,0.7587641651823582,0.33649373054504395,,,
ThesisMP4TEST5_f000905_0_c92_20251023_020554.jpg,ok,Jude,0.7110069959323673,0.35249853134155273,,,
ThesisMP4TEST5_f000907_4_c78_20251023_020555.jpg,ok,Jude,0.7200909448012197,0.6100361347198486,,,
ThesisMP4TEST5_f000908_3_c80_20251023_020555.jpg,ok,Jude,0.8758433818424243,0.6381816864013672,,,
ThesisMP4TEST5_f000909_3_c80_20251023_020555.jpg,ok,Jude,0.8323306834512033,0.6466555595397949,,,
ThesisMP4TEST5_f000906_6_c37_20251023_020555.jpg,ok,Jude,0.9213405777433312,0.9206347465515137,,,
ThesisMP4TEST5_f000916_2_c86_20251023_020556.jpg,ok,Jude,0.6883237324747429,0.5110561847686768,,,
ThesisMP4TEST5_f000917_2_c86_20251023_020556.jpg,ok,Jude,0.7599616966749982,0.5098440647125244,,,
ThesisMP4TEST5_f000919_2_c84_20251023_020557.jpg,ok,Jude,0.6906372932317673,0.5028917789459229,,,
ThesisMP4TEST5_f000924_1_c85_20251023_020557.jpg,ok,Jude,0.7335990036363293,0.4961378574371338,,,
ThesisMP4TEST5_f000928_1_c82_20251023_020557.jpg,ok,Jude,0.47744703060885385,0.4481520652770996,,,
