file,model,status,predicted,confidence,time,ground_truth,error
dean (1).jpg,FaceNet,ok,Unknown,0.0,2.2278122901916504,dean,[]
dean (1).jpg,ArcFace,ok,Jude,0.6730877812581417,3.749985456466675,dean,
dean (12).jpg,FaceNet,ok,dean,0.869736196445671,2.4006710052490234,dean,[]
dean (12).jpg,ArcFace,ok,Jude,0.7187146458562239,3.7355499267578125,dean,
dean (14).jpg,FaceNet,ok,dean,0.8854374151671932,1.385725498199463,dean,[]
dean (14).jpg,ArcFace,ok,Jude,0.7443508091767179,1.6852622032165527,dean,
dean (13).jpg,FaceNet,ok,dean,0.869975167167716,1.4746458530426025,dean,[]
dean (13).jpg,ArcFace,ok,Jude,0.7761822061181238,1.9778633117675781,dean,
dean (11).jpg,FaceNet,ok,Unknown,0.0,6.074546813964844,dean,[]
dean (11).jpg,ArcFace,ok,Jude,0.6939691435650531,3.0176050662994385,dean,
dean (15).jpg,FaceNet,ok,dean,0.8816569439917229,1.2809641361236572,dean,[]
dean (15).jpg,ArcFace,ok,Jude,0.8061437962834672,0.4330787658691406,dean,
dean (16).jpg,FaceNet,ok,dean,0.8000739223374741,0.9904365539550781,dean,[]
dean (16).jpg,ArcFace,ok,Jude,0.7129617908136373,0.38507080078125,dean,
dean (17).jpg,FaceNet,ok,dean,0.8870396820392908,0.5432260036468506,dean,[]
dean (17).jpg,ArcFace,ok,Jude,0.8102196860801072,0.47543907165527344,dean,
dean (10).jpg,FaceNet,ok,Unknown,0.0,10.350709915161133,dean,[]
dean (10).jpg,ArcFace,ok,Jude,0.7438148627216314,0.9770400524139404,dean,
dean (18).jpg,FaceNet,ok,dean,0.8482727407770175,0.4763662815093994,dean,[]
dean (18).jpg,ArcFace,ok,Unknown,0.0,0.19321608543395996,dean,
dean (19).jpg,FaceNet,ok,dean,0.7747909618989964,0.5221383571624756,dean,[]
dean (19).jpg,ArcFace,ok,Unknown,0.0,0.30345630645751953,dean,
dean (20).jpg,FaceNet,ok,Unknown,0.0,0.43616580963134766,dean,[]
dean (20).jpg,ArcFace,ok,Unknown,0.0,0.2912919521331787,dean,
dean (21).jpg,FaceNet,ok,Unknown,0.0,0.2922976016998291,dean,[]
dean (21).jpg,ArcFace,ok,Jude,0.6928131912420035,0.20464324951171875,dean,
dean (2).jpg,FaceNet,ok,Unknown,0.0,0.5396771430969238,dean,[]
dean (2).jpg,ArcFace,ok,Jude,0.6628348427821313,0.4428398609161377,dean,
dean (22).jpg,FaceNet,ok,Unknown,0.0,0.34941554069519043,dean,[]
dean (22).jpg,ArcFace,ok,Jude,0.6917039456482469,0.32929253578186035,dean,
dean (24).jpg,FaceNet,ok,Unknown,0.0,0.17912721633911133,dean,[]
dean (24).jpg,ArcFace,ok,Jude,0.7581460157953271,0.24396133422851562,dean,
dean (26).jpg,FaceNet,ok,Unknown,0.0,0.262526273727417,dean,[]
dean (26).jpg,ArcFace,ok,Jude,0.8568964017560878,0.20546483993530273,dean,
dean (23).jpg,FaceNet,ok,Unknown,0.0,0.5650851726531982,dean,[]
dean (23).jpg,ArcFace,ok,Jude,0.7898000451507718,0.4290030002593994,dean,
dean (25).jpg,FaceNet,ok,Unknown,0.0,0.4928402900695801,dean,[]
dean (25).jpg,ArcFace,ok,Jude,0.8078187087889492,0.41849493980407715,dean,
dean (27).jpg,FaceNet,ok,Unknown,0.0,0.4244053363800049,dean,[]
dean (27).jpg,ArcFace,ok,Jude,0.8317067077977395,0.3825688362121582,dean,
dean (28).jpg,FaceNet,ok,Unknown,0.0,0.45505595207214355,dean,[]
dean (28).jpg,ArcFace,ok,Unknown,0.0,0.32767772674560547,dean,
dean (29).jpg,FaceNet,ok,Unknown,0.0,0.5238275527954102,dean,[]
dean (29).jpg,ArcFace,ok,Unknown,0.0,0.2749910354614258,dean,
dean (3).jpg,FaceNet,ok,Unknown,0.0,0.5022294521331787,dean,[]
dean (3).jpg,ArcFace,ok,Jude,0.7775096146235646,0.36956262588500977,dean,
dean (30).jpg,FaceNet,ok,dean,0.7178986891611832,0.3927910327911377,dean,[]
dean (30).jpg,ArcFace,ok,Jude,0.7612101733519594,0.3390767574310303,dean,
dean (31).jpg,FaceNet,ok,dean,0.8078008664593306,0.3084115982055664,dean,[]
dean (31).jpg,ArcFace,ok,Unknown,0.0,0.2452230453491211,dean,
dean (32).jpg,FaceNet,ok,Unknown,0.0,0.3683488368988037,dean,[]
dean (32).jpg,ArcFace,ok,Unknown,0.0,0.19549131393432617,dean,
dean (33).jpg,FaceNet,ok,Unknown,0.0,0.3752443790435791,dean,[]
dean (33).jpg,ArcFace,ok,Unknown,0.0,0.3061981201171875,dean,
dean (34).jpg,FaceNet,ok,dean,0.8543365119742553,0.3121023178100586,dean,[]
dean (34).jpg,ArcFace,ok,Unknown,0.0,0.29669618606567383,dean,
dean (35).jpg,FaceNet,ok,Unknown,0.0,0.31445980072021484,dean,[]
dean (35).jpg,ArcFace,ok,Unknown,0.0,0.2597391605377197,dean,
dean (36).jpg,FaceNet,ok,dean,0.8709915786307044,0.4128286838531494,dean,[]
dean (36).jpg,ArcFace,ok,Unknown,0.0,0.23295235633850098,dean,
dean (37).jpg,FaceNet,ok,dean,0.8141546862694388,0.36305904388427734,dean,[]
dean (37).jpg,ArcFace,ok,Unknown,0.0,0.13611197471618652,dean,
dean (38).jpg,FaceNet,ok,dean,0.8716551205083423,0.33246350288391113,dean,[]
dean (38).jpg,ArcFace,ok,Jude,0.8313044095930668,0.31984925270080566,dean,
dean (39).jpg,FaceNet,ok,dean,0.8386467977213427,0.40477466583251953,dean,[]
dean (39).jpg,ArcFace,ok,Unknown,0.0,0.20483183860778809,dean,
dean (4).jpg,FaceNet,ok,Unknown,0.0,0.3345456123352051,dean,[]
dean (4).jpg,ArcFace,ok,Jude,0.7283610250647267,0.4598236083984375,dean,
dean (40).jpg,FaceNet,ok,dean,0.847126331807994,0.43517374992370605,dean,[]
dean (40).jpg,ArcFace,ok,Unknown,0.0,0.2665121555328369,dean,
dean (42).jpg,FaceNet,ok,dean,0.8631013311288005,0.46343111991882324,dean,[]
dean (42).jpg,ArcFace,ok,Unknown,0.0,0.03775382041931152,dean,
dean (41).jpg,FaceNet,ok,dean,0.8695937953906382,0.47321414947509766,dean,[]
dean (41).jpg,ArcFace,ok,Unknown,0.0,0.1687617301940918,dean,
dean (43).jpg,FaceNet,ok,dean,0.8952208095120305,0.33286547660827637,dean,[]
dean (43).jpg,ArcFace,ok,Unknown,0.0,0.20664095878601074,dean,
dean (44).jpg,FaceNet,ok,dean,0.8894220944379321,0.3337414264678955,dean,[]
dean (44).jpg,ArcFace,ok,Unknown,0.0,0.24575066566467285,dean,
dean (46).jpg,FaceNet,ok,Unknown,0.0,0.2978823184967041,dean,[]
dean (46).jpg,ArcFace,ok,Unknown,0.0,0.17064142227172852,dean,
dean (45).jpg,FaceNet,ok,dean,0.8799755642123426,0.30315423011779785,dean,[]
dean (45).jpg,ArcFace,ok,Unknown,0.0,0.22240352630615234,dean,
dean (5).jpg,FaceNet,ok,Unknown,0.0,0.3133678436279297,dean,[]
dean (5).jpg,ArcFace,ok,Jude,0.721658712603864,0.3202180862426758,dean,
dean (8).jpg,FaceNet,ok,Unknown,0.0,0.278303861618042,dean,[]
dean (8).jpg,ArcFace,ok,Jude,0.8456420117076738,0.34529900550842285,dean,
dean (6).jpg,FaceNet,ok,Unknown,0.0,0.47382569313049316,dean,[]
dean (6).jpg,ArcFace,ok,Jude,0.7657073812963988,0.4290742874145508,dean,
dean (7).jpg,FaceNet,ok,Unknown,0.0,0.5080792903900146,dean,[]
dean (7).jpg,ArcFace,ok,Jude,0.7754965793636631,0.4053664207458496,dean,
myke (1).jpg,FaceNet,ok,Unknown,0.0,0.39882516860961914,myke,[]
myke (1).jpg,ArcFace,ok,Unknown,0.0,0.2333989143371582,myke,
dean (9).jpg,FaceNet,ok,Unknown,0.0,0.481173038482666,dean,[]
dean (9).jpg,ArcFace,ok,Jude,0.7967171610681079,0.3324437141418457,dean,
myke (100).jpg,FaceNet,ok,Unknown,0.0,0.305452823638916,myke,[]
myke (100).jpg,ArcFace,ok,Unknown,0.0,0.3366401195526123,myke,
myke (10).jpg,FaceNet,ok,Unknown,0.0,0.459683895111084,myke,[]
myke (10).jpg,ArcFace,ok,Jude,0.8405130096415392,0.415910005569458,myke,
myke (101).jpg,FaceNet,ok,Unknown,0.0,0.346879243850708,myke,[]
myke (101).jpg,ArcFace,ok,Unknown,0.0,0.20569491386413574,myke,
myke (102).jpg,FaceNet,ok,Unknown,0.0,0.4496033191680908,myke,[]
myke (102).jpg,ArcFace,ok,Unknown,0.0,0.24432778358459473,myke,
myke (103).jpg,FaceNet,ok,Unknown,0.0,0.34975719451904297,myke,[]
myke (103).jpg,ArcFace,ok,Unknown,0.0,0.2067720890045166,myke,
myke (104).jpg,FaceNet,ok,Unknown,0.0,0.2969930171966553,myke,[]
myke (104).jpg,ArcFace,ok,Unknown,0.0,0.21745634078979492,myke,
myke (105).jpg,FaceNet,ok,Unknown,0.0,0.3330237865447998,myke,[]
myke (105).jpg,ArcFace,ok,Unknown,0.0,0.20470190048217773,myke,
myke (108).jpg,FaceNet,ok,Unknown,0.0,0.20123004913330078,myke,[]
myke (108).jpg,ArcFace,ok,Unknown,0.0,0.11531615257263184,myke,
myke (107).jpg,FaceNet,ok,Unknown,0.0,0.31866884231567383,myke,[]
myke (107).jpg,ArcFace,ok,Unknown,0.0,0.28347015380859375,myke,
myke (106).jpg,FaceNet,ok,Unknown,0.0,0.3819406032562256,myke,[]
myke (106).jpg,ArcFace,ok,Unknown,0.0,0.3368995189666748,myke,
myke (109).jpg,FaceNet,ok,Unknown,0.0,0.1919255256652832,myke,[]
myke (109).jpg,ArcFace,ok,Unknown,0.0,0.28436779975891113,myke,
myke (110).jpg,FaceNet,ok,Unknown,0.0,0.16103196144104004,myke,[]
myke (110).jpg,ArcFace,ok,Unknown,0.0,0.18593597412109375,myke,
myke (112).jpg,FaceNet,ok,Unknown,0.0,0.2216198444366455,myke,[]
myke (112).jpg,ArcFace,ok,Unknown,0.0,0.0972602367401123,myke,
myke (11).jpg,FaceNet,ok,Unknown,0.0,0.37963390350341797,myke,[]
myke (11).jpg,ArcFace,ok,Jude,0.871994570304375,0.3129847049713135,myke,
myke (111).jpg,FaceNet,ok,Unknown,0.0,0.3103022575378418,myke,[]
myke (111).jpg,ArcFace,ok,Unknown,0.0,0.22847294807434082,myke,
myke (113).jpg,FaceNet,ok,Unknown,0.0,0.3344144821166992,myke,[]
myke (113).jpg,ArcFace,ok,Unknown,0.0,0.23538661003112793,myke,
myke (114).jpg,FaceNet,ok,Unknown,0.0,0.4001805782318115,myke,[]
myke (114).jpg,ArcFace,ok,Unknown,0.0,0.3571505546569824,myke,
myke (115).jpg,FaceNet,ok,Unknown,0.0,0.3231925964355469,myke,[]
myke (115).jpg,ArcFace,ok,Unknown,0.0,0.3875854015350342,myke,
myke (116).jpg,FaceNet,ok,Unknown,0.0,0.3825795650482178,myke,[]
myke (116).jpg,ArcFace,ok,Unknown,0.0,0.3128972053527832,myke,
myke (118).jpg,FaceNet,ok,Unknown,0.0,0.19915366172790527,myke,[]
myke (118).jpg,ArcFace,ok,Unknown,0.0,0.09100151062011719,myke,
myke (119).jpg,FaceNet,ok,Unknown,0.0,0.18338775634765625,myke,[]
myke (119).jpg,ArcFace,ok,Unknown,0.0,0.05514669418334961,myke,
myke (117).jpg,FaceNet,ok,Unknown,0.0,0.4223592281341553,myke,[]
myke (117).jpg,ArcFace,ok,Unknown,0.0,0.2277369499206543,myke,
myke (120).jpg,FaceNet,ok,Unknown,0.0,0.3001289367675781,myke,[]
myke (120).jpg,ArcFace,ok,Unknown,0.0,0.21522736549377441,myke,
myke (121).jpg,FaceNet,ok,Unknown,0.0,0.33193325996398926,myke,[]
myke (121).jpg,ArcFace,ok,Unknown,0.0,0.20259976387023926,myke,
myke (122).jpg,FaceNet,ok,Unknown,0.0,0.32546305656433105,myke,[]
myke (122).jpg,ArcFace,ok,Unknown,0.0,0.22314095497131348,myke,
myke (12).jpg,FaceNet,ok,Unknown,0.0,0.46643757820129395,myke,[]
myke (12).jpg,ArcFace,ok,Jude,0.9130487616042253,0.44471120834350586,myke,
myke (124).jpg,FaceNet,ok,Unknown,0.0,0.36678624153137207,myke,[]
myke (124).jpg,ArcFace,ok,Unknown,0.0,0.2141115665435791,myke,
myke (123).jpg,FaceNet,ok,Unknown,0.0,0.4133017063140869,myke,[]
myke (123).jpg,ArcFace,ok,Unknown,0.0,0.22829365730285645,myke,
myke (14).jpg,FaceNet,ok,Unknown,0.0,0.43536996841430664,myke,[]
myke (14).jpg,ArcFace,ok,Jude,0.8589688559125939,0.3229808807373047,myke,
myke (13).jpg,FaceNet,ok,Unknown,0.0,0.5650255680084229,myke,[]
myke (13).jpg,ArcFace,ok,Jude,0.8987659352181022,0.38879990577697754,myke,
myke (16).jpg,FaceNet,ok,Unknown,0.0,0.25219249725341797,myke,[]
myke (16).jpg,ArcFace,ok,Jude,0.7477308748499961,0.4207162857055664,myke,
myke (15).jpg,FaceNet,ok,Unknown,0.0,0.5268971920013428,myke,[]
myke (15).jpg,ArcFace,ok,Jude,0.8383509357258612,0.4349067211151123,myke,
myke (2).jpg,FaceNet,ok,Unknown,0.0,0.20329856872558594,myke,[]
myke (2).jpg,ArcFace,ok,Unknown,0.0,0.06573700904846191,myke,
myke (17).jpg,FaceNet,ok,Unknown,0.0,0.5553979873657227,myke,[]
myke (17).jpg,ArcFace,ok,Jude,0.8230698468974674,0.39330172538757324,myke,
myke (18).jpg,FaceNet,ok,Unknown,0.0,0.4750692844390869,myke,[]
myke (18).jpg,ArcFace,ok,Jude,0.8813225573323151,0.40381741523742676,myke,
myke (19).jpg,FaceNet,ok,Unknown,0.0,0.44513678550720215,myke,[]
myke (19).jpg,ArcFace,ok,Jude,0.916422988082523,0.5552525520324707,myke,
myke (21).jpg,FaceNet,ok,Unknown,0.0,0.6052465438842773,myke,[]
myke (21).jpg,ArcFace,ok,Jude,0.8936832305415034,0.5058488845825195,myke,
myke (20).jpg,FaceNet,ok,Unknown,0.0,0.6421308517456055,myke,[]
myke (20).jpg,ArcFace,ok,Jude,0.8833489269846964,0.5138165950775146,myke,
myke (22).jpg,FaceNet,ok,Unknown,0.0,0.6620323657989502,myke,[]
myke (22).jpg,ArcFace,ok,Jude,0.8338569551778985,0.4259166717529297,myke,
myke (23).jpg,FaceNet,ok,Unknown,0.0,0.6912550926208496,myke,[]
myke (23).jpg,ArcFace,ok,Jude,0.8215515191035997,0.41953372955322266,myke,
myke (24).jpg,FaceNet,ok,Unknown,0.0,0.47798728942871094,myke,[]
myke (24).jpg,ArcFace,ok,Jude,0.8446312523245237,0.38431739807128906,myke,
myke (25).jpg,FaceNet,ok,Unknown,0.0,0.44341468811035156,myke,[]
myke (25).jpg,ArcFace,ok,Jude,0.8663217570964676,0.4944744110107422,myke,
myke (26).jpg,FaceNet,ok,Unknown,0.0,0.5369274616241455,myke,[]
myke (26).jpg,ArcFace,ok,Jude,0.8908044256526298,0.5078186988830566,myke,
myke (27).jpg,FaceNet,ok,Unknown,0.0,0.6099495887756348,myke,[]
myke (27).jpg,ArcFace,ok,Jude,0.8703860743101184,0.3916637897491455,myke,
myke (29).jpg,FaceNet,ok,Unknown,0.0,0.3804035186767578,myke,[]
myke (29).jpg,ArcFace,ok,Jude,0.783682610171078,0.27262449264526367,myke,
myke (3).jpg,FaceNet,ok,Unknown,0.0,0.2695894241333008,myke,[]
myke (3).jpg,ArcFace,ok,Unknown,0.0,0.27024126052856445,myke,
myke (28).jpg,FaceNet,ok,Unknown,0.0,0.5095703601837158,myke,[]
myke (28).jpg,ArcFace,ok,Jude,0.8714296321371501,0.3946211338043213,myke,
myke (30).jpg,FaceNet,ok,Unknown,0.0,0.3188931941986084,myke,[]
myke (30).jpg,ArcFace,ok,Jude,0.8647035431078409,0.2009580135345459,myke,
myke (32).jpg,FaceNet,ok,Unknown,0.0,0.4059128761291504,myke,[]
myke (32).jpg,ArcFace,ok,Unknown,0.0,0.1546475887298584,myke,
myke (31).jpg,FaceNet,ok,Unknown,0.0,0.44103312492370605,myke,[]
myke (31).jpg,ArcFace,ok,Jude,0.8977596878264607,0.30576539039611816,myke,
myke (33).jpg,FaceNet,ok,Unknown,0.0,0.3798694610595703,myke,[]
myke (33).jpg,ArcFace,ok,Jude,0.7228510675662503,0.29851222038269043,myke,
myke (34).jpg,FaceNet,ok,Unknown,0.0,0.2623577117919922,myke,[]
myke (34).jpg,ArcFace,ok,Jude,0.8151249298852101,0.28879404067993164,myke,
myke (35).jpg,FaceNet,ok,Unknown,0.0,0.36737871170043945,myke,[]
myke (35).jpg,ArcFace,ok,Jude,0.873831692718581,0.36533474922180176,myke,
myke (36).jpg,FaceNet,ok,Unknown,0.0,0.40816283226013184,myke,[]
myke (36).jpg,ArcFace,ok,Jude,0.8981854435578901,0.45053958892822266,myke,
myke (37).jpg,FaceNet,ok,Unknown,0.0,0.25269508361816406,myke,[]
myke (37).jpg,ArcFace,ok,Jude,0.8676123271349815,0.5251188278198242,myke,
myke (38).jpg,FaceNet,ok,Unknown,0.0,0.31047582626342773,myke,[]
myke (38).jpg,ArcFace,ok,Jude,0.8900930837371569,0.4669637680053711,myke,
myke (39).jpg,FaceNet,ok,Unknown,0.0,0.371654748916626,myke,[]
myke (39).jpg,ArcFace,ok,Jude,0.8912728653413301,0.3892092704772949,myke,
myke (41).jpg,FaceNet,ok,Unknown,0.0,0.17069578170776367,myke,[]
myke (41).jpg,ArcFace,ok,Jude,0.6073149358773196,0.24444913864135742,myke,
myke (4).jpg,FaceNet,ok,Unknown,0.0,0.3095242977142334,myke,[]
myke (4).jpg,ArcFace,ok,Unknown,0.0,0.23195433616638184,myke,
myke (40).jpg,FaceNet,ok,Unknown,0.0,0.25037527084350586,myke,[]
myke (40).jpg,ArcFace,ok,Jude,0.8126886687779057,0.37048864364624023,myke,
myke (42).jpg,FaceNet,ok,Unknown,0.0,0.3069443702697754,myke,[]
myke (42).jpg,ArcFace,ok,Unknown,0.0,0.35030603408813477,myke,
myke (44).jpg,FaceNet,ok,Unknown,0.0,0.6052939891815186,myke,[]
myke (44).jpg,ArcFace,ok,Jude,0.9050089634787623,0.31713390350341797,myke,
myke (43).jpg,FaceNet,ok,Unknown,0.0,0.6787815093994141,myke,[]
myke (43).jpg,ArcFace,ok,Unknown,0.0,0.30953431129455566,myke,
myke (46).jpg,FaceNet,ok,Unknown,0.0,0.26163744926452637,myke,[]
myke (46).jpg,ArcFace,ok,Unknown,0.0,0.11443495750427246,myke,
myke (45).jpg,FaceNet,ok,Unknown,0.0,0.19932174682617188,myke,[]
myke (45).jpg,ArcFace,ok,Unknown,0.0,0.6787891387939453,myke,
myke (48).jpg,FaceNet,ok,Unknown,0.0,0.270251989364624,myke,[]
myke (48).jpg,ArcFace,ok,Unknown,0.0,0.16742610931396484,myke,
myke (49).jpg,FaceNet,ok,Unknown,0.0,0.2753868103027344,myke,[]
myke (49).jpg,ArcFace,ok,Unknown,0.0,0.1932687759399414,myke,
myke (5).jpg,FaceNet,ok,Unknown,0.0,0.2401111125946045,myke,[]
myke (5).jpg,ArcFace,ok,Unknown,0.0,0.23933124542236328,myke,
myke (50).jpg,FaceNet,ok,Unknown,0.0,0.22762823104858398,myke,[]
myke (50).jpg,ArcFace,ok,Unknown,0.0,0.0968027114868164,myke,
myke (51).jpg,FaceNet,ok,Unknown,0.0,0.3771660327911377,myke,[]
myke (51).jpg,ArcFace,ok,Unknown,0.0,0.14500069618225098,myke,
myke (52).jpg,FaceNet,ok,Unknown,0.0,0.37633419036865234,myke,[]
myke (52).jpg,ArcFace,ok,Unknown,0.0,0.2029566764831543,myke,
myke (47).jpg,FaceNet,ok,Unknown,0.0,0.1545724868774414,myke,[]
myke (47).jpg,ArcFace,ok,Unknown,0.0,1.0486011505126953,myke,
myke (53).jpg,FaceNet,ok,Unknown,0.0,0.22423410415649414,myke,[]
myke (53).jpg,ArcFace,ok,Unknown,0.0,0.1899104118347168,myke,
myke (54).jpg,FaceNet,ok,Unknown,0.0,0.2633664608001709,myke,[]
myke (54).jpg,ArcFace,ok,Unknown,0.0,0.1827549934387207,myke,
myke (55).jpg,FaceNet,ok,Unknown,0.0,0.3139498233795166,myke,[]
myke (55).jpg,ArcFace,ok,Unknown,0.0,0.1862010955810547,myke,
myke (58).jpg,FaceNet,ok,Unknown,0.0,0.1992945671081543,myke,[]
myke (58).jpg,ArcFace,ok,Unknown,0.0,0.15692520141601562,myke,
myke (56).jpg,FaceNet,ok,Unknown,0.0,0.31400585174560547,myke,[]
myke (56).jpg,ArcFace,ok,Jude,0.8466190315548219,0.34050989151000977,myke,
myke (57).jpg,FaceNet,ok,Unknown,0.0,0.2985396385192871,myke,[]
myke (57).jpg,ArcFace,ok,Jude,0.8757288637362474,0.34533166885375977,myke,
myke (59).jpg,FaceNet,ok,Unknown,0.0,0.38562965393066406,myke,[]
myke (59).jpg,ArcFace,ok,Unknown,0.0,0.21190857887268066,myke,
myke (6).jpg,FaceNet,ok,Unknown,0.0,0.3160593509674072,myke,[]
myke (6).jpg,ArcFace,ok,Unknown,0.0,0.18338632583618164,myke,
myke (60).jpg,FaceNet,ok,Unknown,0.0,0.2947115898132324,myke,[]
myke (60).jpg,ArcFace,ok,Unknown,0.0,0.23319077491760254,myke,
myke (61).jpg,FaceNet,ok,Unknown,0.0,0.33127665519714355,myke,[]
myke (61).jpg,ArcFace,ok,Unknown,0.0,0.2320234775543213,myke,
myke (62).jpg,FaceNet,ok,myke,0.8192304668088651,0.25320911407470703,myke,[]
myke (62).jpg,ArcFace,ok,Unknown,0.0,0.24251985549926758,myke,
myke (63).jpg,FaceNet,ok,myke,0.8110940817991332,0.2619140148162842,myke,[]
myke (63).jpg,ArcFace,ok,Unknown,0.0,0.1694185733795166,myke,
myke (65).jpg,FaceNet,ok,Unknown,0.0,0.2141256332397461,myke,[]
myke (65).jpg,ArcFace,ok,Unknown,0.0,0.16664600372314453,myke,
myke (64).jpg,FaceNet,ok,Unknown,0.0,0.3090391159057617,myke,[]
myke (64).jpg,ArcFace,ok,Unknown,0.0,0.21289801597595215,myke,
myke (67).jpg,FaceNet,ok,Unknown,0.0,0.28085899353027344,myke,[]
myke (67).jpg,ArcFace,ok,Unknown,0.0,0.08955192565917969,myke,
myke (66).jpg,FaceNet,ok,Unknown,0.0,0.26901960372924805,myke,[]
myke (66).jpg,ArcFace,ok,Unknown,0.0,0.16179347038269043,myke,
myke (68).jpg,FaceNet,ok,Unknown,0.0,0.17211079597473145,myke,[]
myke (68).jpg,ArcFace,ok,Unknown,0.0,0.20813393592834473,myke,
myke (69).jpg,FaceNet,ok,Unknown,0.0,0.33573150634765625,myke,[]
myke (69).jpg,ArcFace,ok,Unknown,0.0,0.16200685501098633,myke,
myke (7).jpg,FaceNet,ok,Unknown,0.0,0.22479867935180664,myke,[]
myke (7).jpg,ArcFace,ok,Jude,0.8615378809457059,0.2004396915435791,myke,
myke (70).jpg,FaceNet,ok,Unknown,0.0,0.1968393325805664,myke,[]
myke (70).jpg,ArcFace,ok,Unknown,0.0,0.25151586532592773,myke,
myke (71).jpg,FaceNet,ok,Unknown,0.0,0.2906789779663086,myke,[]
myke (71).jpg,ArcFace,ok,Unknown,0.0,0.1968543529510498,myke,
myke (72).jpg,FaceNet,ok,Unknown,0.0,0.2483358383178711,myke,[]
myke (72).jpg,ArcFace,ok,Unknown,0.0,0.14296817779541016,myke,
myke (76).jpg,FaceNet,ok,Unknown,0.0,0.13068461418151855,myke,[]
myke (76).jpg,ArcFace,ok,Unknown,0.0,0.052417755126953125,myke,
myke (73).jpg,FaceNet,ok,Unknown,0.0,0.2376694679260254,myke,[]
myke (73).jpg,ArcFace,ok,Jude,0.8562764789065738,0.21971869468688965,myke,
myke (74).jpg,FaceNet,ok,Unknown,0.0,0.32323670387268066,myke,[]
myke (74).jpg,ArcFace,ok,Jude,0.9256154127795442,0.367006778717041,myke,
myke (78).jpg,FaceNet,ok,Unknown,0.0,0.31032896041870117,myke,[]
myke (78).jpg,ArcFace,ok,Unknown,0.0,0.1526501178741455,myke,
myke (75).jpg,FaceNet,ok,Unknown,0.0,0.08083510398864746,myke,[]
myke (75).jpg,ArcFace,ok,Unknown,0.0,0.8128576278686523,myke,
myke (77).jpg,FaceNet,ok,Unknown,0.0,0.43709611892700195,myke,[]
myke (77).jpg,ArcFace,ok,Unknown,0.0,0.2171938419342041,myke,
myke (79).jpg,FaceNet,ok,Unknown,0.0,0.25107717514038086,myke,[]
myke (79).jpg,ArcFace,ok,Unknown,0.0,0.18108129501342773,myke,
myke (80).jpg,FaceNet,ok,Unknown,0.0,0.11717748641967773,myke,[]
myke (80).jpg,ArcFace,ok,Unknown,0.0,0.04812288284301758,myke,
myke (83).jpg,FaceNet,ok,Unknown,0.0,0.1559433937072754,myke,[]
myke (83).jpg,ArcFace,ok,Unknown,0.0,0.06740808486938477,myke,
myke (81).jpg,FaceNet,ok,Unknown,0.0,0.16716790199279785,myke,[]
myke (81).jpg,ArcFace,ok,Unknown,0.0,0.15621662139892578,myke,
myke (8).jpg,FaceNet,ok,Unknown,0.0,0.30866003036499023,myke,[]
myke (8).jpg,ArcFace,ok,Jude,0.8855442310074614,0.30316901206970215,myke,
myke (82).jpg,FaceNet,ok,Unknown,0.0,0.25353574752807617,myke,[]
myke (82).jpg,ArcFace,ok,Unknown,0.0,0.15316987037658691,myke,
myke (84).jpg,FaceNet,ok,Unknown,0.0,0.18270587921142578,myke,[]
myke (84).jpg,ArcFace,ok,Unknown,0.0,0.08948731422424316,myke,
myke (86).jpg,FaceNet,ok,Unknown,0.0,0.2781071662902832,myke,[]
myke (86).jpg,ArcFace,ok,Unknown,0.0,0.1027829647064209,myke,
myke (87).jpg,FaceNet,ok,Unknown,0.0,0.26305246353149414,myke,[]
myke (87).jpg,ArcFace,ok,Unknown,0.0,0.14379549026489258,myke,
myke (85).jpg,FaceNet,ok,Unknown,0.0,0.40518808364868164,myke,[]
myke (85).jpg,ArcFace,ok,Unknown,0.0,0.18436098098754883,myke,
myke (88).jpg,FaceNet,ok,Unknown,0.0,0.3602309226989746,myke,[]
myke (88).jpg,ArcFace,ok,Unknown,0.0,0.10302352905273438,myke,
myke (89).jpg,FaceNet,ok,Unknown,0.0,0.12053990364074707,myke,[]
myke (89).jpg,ArcFace,ok,Unknown,0.0,0.09546828269958496,myke,
myke (90).jpg,FaceNet,ok,Unknown,0.0,0.16899347305297852,myke,[]
myke (90).jpg,ArcFace,ok,Jude,0.8710514205522044,0.18089938163757324,myke,
myke (91).jpg,FaceNet,ok,Unknown,0.0,0.2754850387573242,myke,[]
myke (91).jpg,ArcFace,ok,Unknown,0.0,0.10980892181396484,myke,
myke (92).jpg,FaceNet,ok,Unknown,0.0,0.3005952835083008,myke,[]
myke (92).jpg,ArcFace,ok,Unknown,0.0,0.16477036476135254,myke,
myke (93).jpg,FaceNet,ok,Unknown,0.0,0.23985767364501953,myke,[]
myke (93).jpg,ArcFace,ok,Unknown,0.0,0.10457229614257812,myke,
myke (9).jpg,FaceNet,ok,Unknown,0.0,0.3680126667022705,myke,[]
myke (9).jpg,ArcFace,ok,Jude,0.8798416420688323,0.34223246574401855,myke,
myke (94).jpg,FaceNet,ok,Unknown,0.0,0.14078688621520996,myke,[]
myke (94).jpg,ArcFace,ok,Unknown,0.0,0.11149048805236816,myke,
myke (95).jpg,FaceNet,ok,Unknown,0.0,0.30683183670043945,myke,[]
myke (95).jpg,ArcFace,ok,Unknown,0.0,0.06322264671325684,myke,
myke (98).jpg,FaceNet,ok,Unknown,0.0,0.18592190742492676,myke,[]
myke (98).jpg,ArcFace,ok,Unknown,0.0,0.06903743743896484,myke,
myke (96).jpg,FaceNet,ok,Unknown,0.0,0.29277944564819336,myke,[]
myke (96).jpg,ArcFace,ok,Unknown,0.0,0.08123493194580078,myke,
myke (97).jpg,FaceNet,ok,Unknown,0.0,0.35070180892944336,myke,[]
myke (97).jpg,ArcFace,ok,Unknown,0.0,0.10988759994506836,myke,
myke (99).jpg,FaceNet,ok,Unknown,0.0,0.17950963973999023,myke,[]
myke (99).jpg,ArcFace,ok,Unknown,0.0,0.045586585998535156,myke,
ThesisMP4TEST5_f000003_1_c90_20251023_020352.jpg,FaceNet,ok,Unknown,0.0,0.1480565071105957,,[]
ThesisMP4TEST5_f000003_1_c90_20251023_020352.jpg,ArcFace,ok,Unknown,0.0,0.5072534084320068,,
ThesisMP4TEST5_f000011_0_c90_20251023_020352.jpg,FaceNet,ok,Unknown,0.0,0.2269151210784912,,[]
ThesisMP4TEST5_f000011_0_c90_20251023_020352.jpg,ArcFace,ok,Unknown,0.0,0.4543287754058838,,
ThesisMP4TEST5_f000010_1_c89_20251023_020352.jpg,FaceNet,ok,Unknown,0.0,0.2708756923675537,,[]
ThesisMP4TEST5_f000010_1_c89_20251023_020352.jpg,ArcFace,ok,Unknown,0.0,0.5335025787353516,,
ThesisMP4TEST5_f000027_3_c65_20251023_020354.jpg,FaceNet,ok,Unknown,0.0,0.30537915229797363,,[]
ThesisMP4TEST5_f000027_3_c65_20251023_020354.jpg,ArcFace,ok,Unknown,0.0,0.277026891708374,,
ThesisMP4TEST5_f000012_1_c83_20251023_020353.jpg,FaceNet,ok,Unknown,0.0,0.21464228630065918,,[]
ThesisMP4TEST5_f000012_1_c83_20251023_020353.jpg,ArcFace,ok,Unknown,0.0,0.8771343231201172,,
ThesisMP4TEST5_f000028_3_c69_20251023_020354.jpg,FaceNet,ok,Unknown,0.0,0.4131336212158203,,[]
ThesisMP4TEST5_f000028_3_c69_20251023_020354.jpg,ArcFace,ok,Unknown,0.0,0.251018762588501,,
ThesisMP4TEST5_f000030_0_c88_20251023_020354.jpg,FaceNet,ok,Unknown,0.0,0.295318603515625,,[]
ThesisMP4TEST5_f000030_0_c88_20251023_020354.jpg,ArcFace,ok,Unknown,0.0,0.4120826721191406,,
ThesisMP4TEST5_f000064_0_c90_20251023_020359.jpg,FaceNet,ok,Unknown,0.0,0.1353762149810791,,[]
ThesisMP4TEST5_f000064_0_c90_20251023_020359.jpg,ArcFace,ok,Unknown,0.0,0.06221199035644531,,
ThesisMP4TEST5_f000065_0_c90_20251023_020359.jpg,FaceNet,ok,Unknown,0.0,0.17468667030334473,,[]
ThesisMP4TEST5_f000065_0_c90_20251023_020359.jpg,ArcFace,ok,Unknown,0.0,0.05814003944396973,,
ThesisMP4TEST5_f000034_0_c88_20251023_020355.jpg,FaceNet,ok,Unknown,0.0,0.15852618217468262,,[]
ThesisMP4TEST5_f000034_0_c88_20251023_020355.jpg,ArcFace,ok,Unknown,0.0,0.4883403778076172,,
ThesisMP4TEST5_f000067_0_c90_20251023_020359.jpg,FaceNet,ok,Unknown,0.0,0.14710521697998047,,[]
ThesisMP4TEST5_f000067_0_c90_20251023_020359.jpg,ArcFace,ok,Unknown,0.0,0.03898477554321289,,
ThesisMP4TEST5_f000066_0_c89_20251023_020359.jpg,FaceNet,ok,Unknown,0.0,0.24165892601013184,,[]
ThesisMP4TEST5_f000066_0_c89_20251023_020359.jpg,ArcFace,ok,Unknown,0.0,0.06447529792785645,,
ThesisMP4TEST5_f000031_1_c85_20251023_020355.jpg,FaceNet,ok,Unknown,0.0,0.2460649013519287,,[]
ThesisMP4TEST5_f000031_1_c85_20251023_020355.jpg,ArcFace,ok,Unknown,0.0,0.4822359085083008,,
ThesisMP4TEST5_f000068_0_c89_20251023_020400.jpg,FaceNet,ok,Unknown,0.0,0.2595953941345215,,[]
ThesisMP4TEST5_f000068_0_c89_20251023_020400.jpg,ArcFace,ok,Unknown,0.0,0.10294771194458008,,
ThesisMP4TEST5_f000082_4_c64_20251023_020402.jpg,FaceNet,ok,Unknown,0.0,0.2832036018371582,,[]
ThesisMP4TEST5_f000082_4_c64_20251023_020402.jpg,ArcFace,ok,Jude,0.8782774818563298,0.14267635345458984,,
ThesisMP4TEST5_f000081_4_c63_20251023_020402.jpg,FaceNet,ok,Unknown,0.0,0.2690553665161133,,[]
ThesisMP4TEST5_f000081_4_c63_20251023_020402.jpg,ArcFace,ok,Jude,0.8790896799400547,0.1699833869934082,,
ThesisMP4TEST5_f000080_3_c66_20251023_020402.jpg,FaceNet,ok,Unknown,0.0,0.3607187271118164,,[]
ThesisMP4TEST5_f000080_3_c66_20251023_020402.jpg,ArcFace,ok,Jude,0.8977106434193917,0.2619950771331787,,
ThesisMP4TEST5_f000084_0_c84_20251023_020402.jpg,FaceNet,ok,Unknown,0.0,0.24438214302062988,,[]
ThesisMP4TEST5_f000084_0_c84_20251023_020402.jpg,ArcFace,ok,Unknown,0.0,0.14048504829406738,,
ThesisMP4TEST5_f000083_1_c83_20251023_020402.jpg,FaceNet,ok,Unknown,0.0,0.3011906147003174,,[]
ThesisMP4TEST5_f000083_1_c83_20251023_020402.jpg,ArcFace,ok,Unknown,0.0,0.20812678337097168,,
ThesisMP4TEST5_f000085_0_c91_20251023_020402.jpg,FaceNet,ok,Unknown,0.0,0.45645761489868164,,[]
ThesisMP4TEST5_f000085_0_c91_20251023_020402.jpg,ArcFace,ok,Jude,0.9283973223750445,0.23285412788391113,,
ThesisMP4TEST5_f000086_0_c91_20251023_020402.jpg,FaceNet,ok,Unknown,0.0,0.45910143852233887,,[]
ThesisMP4TEST5_f000086_0_c91_20251023_020402.jpg,ArcFace,ok,Jude,0.9087353776899915,0.4023900032043457,,
ThesisMP4TEST5_f000088_0_c92_20251023_020403.jpg,FaceNet,ok,Unknown,0.0,0.6212422847747803,,[]
ThesisMP4TEST5_f000088_0_c92_20251023_020403.jpg,ArcFace,ok,Jude,0.8511893524548181,0.16597414016723633,,
ThesisMP4TEST5_f000089_0_c91_20251023_020403.jpg,FaceNet,ok,Unknown,0.0,0.38802433013916016,,[]
ThesisMP4TEST5_f000089_0_c91_20251023_020403.jpg,ArcFace,ok,Jude,0.8749992217547944,0.1693282127380371,,
ThesisMP4TEST5_f000087_0_c92_20251023_020402.jpg,FaceNet,ok,Unknown,0.0,0.6150040626525879,,[]
ThesisMP4TEST5_f000087_0_c92_20251023_020402.jpg,ArcFace,ok,Jude,0.8662176044420327,0.5189969539642334,,
ThesisMP4TEST5_f000090_0_c92_20251023_020403.jpg,FaceNet,ok,Unknown,0.0,0.3801259994506836,,[]
ThesisMP4TEST5_f000090_0_c92_20251023_020403.jpg,ArcFace,ok,Jude,0.9209352298548471,0.2541494369506836,,
ThesisMP4TEST5_f000091_0_c90_20251023_020403.jpg,FaceNet,ok,Unknown,0.0,0.4148545265197754,,[]
ThesisMP4TEST5_f000091_0_c90_20251023_020403.jpg,ArcFace,ok,Jude,0.8993287930227369,0.24080491065979004,,
ThesisMP4TEST5_f000336_0_c90_20251023_020443.jpg,FaceNet,ok,Unknown,0.0,0.08320808410644531,,[]
ThesisMP4TEST5_f000336_0_c90_20251023_020443.jpg,ArcFace,ok,Unknown,0.0,0.05867958068847656,,
ThesisMP4TEST5_f000337_0_c90_20251023_020443.jpg,FaceNet,ok,Unknown,0.0,0.15318942070007324,,[]
ThesisMP4TEST5_f000337_0_c90_20251023_020443.jpg,ArcFace,ok,Unknown,0.0,0.04564666748046875,,
ThesisMP4TEST5_f000108_1_c89_20251023_020406.jpg,FaceNet,ok,Unknown,0.0,0.23581719398498535,,[]
ThesisMP4TEST5_f000108_1_c89_20251023_020406.jpg,ArcFace,ok,Unknown,0.0,0.35401010513305664,,
ThesisMP4TEST5_f000107_0_c83_20251023_020406.jpg,FaceNet,ok,Unknown,0.0,0.2037208080291748,,[]
ThesisMP4TEST5_f000107_0_c83_20251023_020406.jpg,ArcFace,ok,Unknown,0.0,0.5809037685394287,,
ThesisMP4TEST5_f000338_1_c89_20251023_020443.jpg,FaceNet,ok,Unknown,0.0,0.20462942123413086,,[]
ThesisMP4TEST5_f000338_1_c89_20251023_020443.jpg,ArcFace,ok,Unknown,0.0,0.10184645652770996,,
ThesisMP4TEST5_f000339_1_c87_20251023_020443.jpg,FaceNet,ok,Unknown,0.0,0.18950939178466797,,[]
ThesisMP4TEST5_f000339_1_c87_20251023_020443.jpg,ArcFace,ok,Unknown,0.0,0.10184144973754883,,
ThesisMP4TEST5_f000342_2_c88_20251023_020444.jpg,FaceNet,ok,Unknown,0.0,0.21789216995239258,,[]
ThesisMP4TEST5_f000342_2_c88_20251023_020444.jpg,ArcFace,ok,Unknown,0.0,0.08459281921386719,,
ThesisMP4TEST5_f000343_4_c60_20251023_020444.jpg,FaceNet,ok,Unknown,0.0,0.2756795883178711,,[]
ThesisMP4TEST5_f000343_4_c60_20251023_020444.jpg,ArcFace,ok,Unknown,0.0,0.1421830654144287,,
ThesisMP4TEST5_f000106_1_c76_20251023_020406.jpg,FaceNet,ok,Unknown,0.0,0.6817440986633301,,[]
ThesisMP4TEST5_f000106_1_c76_20251023_020406.jpg,ArcFace,ok,Unknown,0.0,1.0094823837280273,,
ThesisMP4TEST5_f000346_0_c91_20251023_020444.jpg,FaceNet,ok,Unknown,0.0,0.11428976058959961,,[]
ThesisMP4TEST5_f000346_0_c91_20251023_020444.jpg,ArcFace,ok,Unknown,0.0,0.22589421272277832,,
ThesisMP4TEST5_f000347_0_c90_20251023_020444.jpg,FaceNet,ok,Unknown,0.0,0.14713358879089355,,[]
ThesisMP4TEST5_f000347_0_c90_20251023_020444.jpg,ArcFace,ok,Unknown,0.0,0.19866061210632324,,
ThesisMP4TEST5_f000354_2_c85_20251023_020446.jpg,FaceNet,ok,Unknown,0.0,0.32712888717651367,,[]
ThesisMP4TEST5_f000354_2_c85_20251023_020446.jpg,ArcFace,ok,Unknown,0.0,0.13442778587341309,,
ThesisMP4TEST5_f000362_0_c89_20251023_020447.jpg,FaceNet,ok,Unknown,0.0,0.41118574142456055,,[]
ThesisMP4TEST5_f000362_0_c89_20251023_020447.jpg,ArcFace,ok,Unknown,0.0,0.20639276504516602,,
ThesisMP4TEST5_f000363_2_c85_20251023_020447.jpg,FaceNet,ok,Unknown,0.0,0.40979599952697754,,[]
ThesisMP4TEST5_f000363_2_c85_20251023_020447.jpg,ArcFace,ok,Unknown,0.0,0.10972714424133301,,
ThesisMP4TEST5_f000344_4_c60_20251023_020444.jpg,FaceNet,ok,Unknown,0.0,0.4613685607910156,,[]
ThesisMP4TEST5_f000344_4_c60_20251023_020444.jpg,ArcFace,ok,Unknown,0.0,0.8641130924224854,,
ThesisMP4TEST5_f000364_3_c76_20251023_020447.jpg,FaceNet,ok,Unknown,0.0,0.45282554626464844,,[]
ThesisMP4TEST5_f000364_3_c76_20251023_020447.jpg,ArcFace,ok,Unknown,0.0,0.2169489860534668,,
ThesisMP4TEST5_f000365_5_c44_20251023_020447.jpg,FaceNet,ok,Unknown,0.0,0.321469783782959,,[]
ThesisMP4TEST5_f000365_5_c44_20251023_020447.jpg,ArcFace,ok,Unknown,0.0,0.1972053050994873,,
ThesisMP4TEST5_f000366_4_c68_20251023_020448.jpg,FaceNet,ok,Unknown,0.0,0.2729158401489258,,[]
ThesisMP4TEST5_f000366_4_c68_20251023_020448.jpg,ArcFace,ok,Unknown,0.0,0.21048521995544434,,
ThesisMP4TEST5_f000370_2_c84_20251023_020448.jpg,FaceNet,ok,Unknown,0.0,0.14182186126708984,,[]
ThesisMP4TEST5_f000370_2_c84_20251023_020448.jpg,ArcFace,ok,Unknown,0.0,0.1079409122467041,,
ThesisMP4TEST5_f000367_4_c73_20251023_020448.jpg,FaceNet,ok,Unknown,0.0,0.256549596786499,,[]
ThesisMP4TEST5_f000367_4_c73_20251023_020448.jpg,ArcFace,ok,Unknown,0.0,0.25772595405578613,,
ThesisMP4TEST5_f000368_3_c81_20251023_020448.jpg,FaceNet,ok,Unknown,0.0,0.34596967697143555,,[]
ThesisMP4TEST5_f000368_3_c81_20251023_020448.jpg,ArcFace,ok,Unknown,0.0,0.12388229370117188,,
ThesisMP4TEST5_f000393_0_c90_20251023_020451.jpg,FaceNet,ok,Unknown,0.0,0.22349023818969727,,[]
ThesisMP4TEST5_f000393_0_c90_20251023_020451.jpg,ArcFace,ok,Jude,0.5834515059952029,0.23157119750976562,,
ThesisMP4TEST5_f000389_3_c86_20251023_020451.jpg,FaceNet,ok,Unknown,0.0,0.3857300281524658,,[]
ThesisMP4TEST5_f000389_3_c86_20251023_020451.jpg,ArcFace,ok,Jude,0.5152460941087682,0.27912092208862305,,
ThesisMP4TEST5_f000401_1_c82_20251023_020452.jpg,FaceNet,ok,Unknown,0.0,0.24386835098266602,,[]
ThesisMP4TEST5_f000401_1_c82_20251023_020452.jpg,ArcFace,ok,Jude,0.9055547989309995,0.31280016899108887,,
ThesisMP4TEST5_f000475_1_c87_20251023_020502.jpg,FaceNet,ok,Unknown,0.0,0.19788670539855957,,[]
ThesisMP4TEST5_f000475_1_c87_20251023_020502.jpg,ArcFace,ok,Jude,0.8365094129784773,0.15646958351135254,,
ThesisMP4TEST5_f000476_0_c89_20251023_020502.jpg,FaceNet,ok,Unknown,0.0,0.3303399085998535,,[]
ThesisMP4TEST5_f000476_0_c89_20251023_020502.jpg,ArcFace,ok,Jude,0.8659487368568032,0.30792808532714844,,
ThesisMP4TEST5_f000426_0_c87_20251023_020456.jpg,FaceNet,ok,Unknown,0.0,0.27438783645629883,,[]
ThesisMP4TEST5_f000426_0_c87_20251023_020456.jpg,ArcFace,ok,Unknown,0.0,0.638251781463623,,
ThesisMP4TEST5_f000477_1_c88_20251023_020502.jpg,FaceNet,ok,Unknown,0.0,0.2804856300354004,,[]
ThesisMP4TEST5_f000477_1_c88_20251023_020502.jpg,ArcFace,ok,Jude,0.8420686337674012,0.1831355094909668,,
ThesisMP4TEST5_f000405_2_c82_20251023_020453.jpg,FaceNet,ok,Unknown,0.0,0.49849510192871094,,[]
ThesisMP4TEST5_f000405_2_c82_20251023_020453.jpg,ArcFace,ok,Unknown,0.0,0.7911088466644287,,
ThesisMP4TEST5_f000480_1_c89_20251023_020503.jpg,FaceNet,ok,Unknown,0.0,0.19039511680603027,,[]
ThesisMP4TEST5_f000480_1_c89_20251023_020503.jpg,ArcFace,ok,Jude,0.8470800287388003,0.13964438438415527,,
ThesisMP4TEST5_f000478_1_c89_20251023_020502.jpg,FaceNet,ok,Unknown,0.0,0.24853205680847168,,[]
ThesisMP4TEST5_f000478_1_c89_20251023_020502.jpg,ArcFace,ok,Jude,0.8530258899324886,0.24590730667114258,,
ThesisMP4TEST5_f000479_1_c88_20251023_020503.jpg,FaceNet,ok,Unknown,0.0,0.20382022857666016,,[]
ThesisMP4TEST5_f000479_1_c88_20251023_020503.jpg,ArcFace,ok,Jude,0.8362915715735265,0.24718141555786133,,
ThesisMP4TEST5_f000482_1_c89_20251023_020503.jpg,FaceNet,ok,Unknown,0.0,0.2622501850128174,,[]
ThesisMP4TEST5_f000482_1_c89_20251023_020503.jpg,ArcFace,ok,Jude,0.8627535333244363,0.24292302131652832,,
ThesisMP4TEST5_f000483_0_c89_20251023_020503.jpg,FaceNet,ok,Unknown,0.0,0.2685661315917969,,[]
ThesisMP4TEST5_f000483_0_c89_20251023_020503.jpg,ArcFace,ok,Jude,0.8418319153008674,0.16136479377746582,,
ThesisMP4TEST5_f000486_1_c87_20251023_020503.jpg,FaceNet,ok,Unknown,0.0,0.23182249069213867,,[]
ThesisMP4TEST5_f000486_1_c87_20251023_020503.jpg,ArcFace,ok,Jude,0.8251310050624393,0.19594979286193848,,
ThesisMP4TEST5_f000485_1_c88_20251023_020503.jpg,FaceNet,ok,Unknown,0.0,0.29197263717651367,,[]
ThesisMP4TEST5_f000485_1_c88_20251023_020503.jpg,ArcFace,ok,Jude,0.7922947251025206,0.38634228706359863,,
ThesisMP4TEST5_f000488_1_c89_20251023_020503.jpg,FaceNet,ok,Unknown,0.0,0.21183490753173828,,[]
ThesisMP4TEST5_f000488_1_c89_20251023_020503.jpg,ArcFace,ok,Jude,0.8625390137783994,0.14991211891174316,,
ThesisMP4TEST5_f000487_1_c89_20251023_020503.jpg,FaceNet,ok,Unknown,0.0,0.3906257152557373,,[]
ThesisMP4TEST5_f000487_1_c89_20251023_020503.jpg,ArcFace,ok,Jude,0.8637009319048147,0.2506389617919922,,
ThesisMP4TEST5_f000489_1_c88_20251023_020504.jpg,FaceNet,ok,Unknown,0.0,0.34320521354675293,,[]
ThesisMP4TEST5_f000489_1_c88_20251023_020504.jpg,ArcFace,ok,Jude,0.8229675544480048,0.25257205963134766,,
ThesisMP4TEST5_f000490_1_c87_20251023_020504.jpg,FaceNet,ok,Unknown,0.0,0.38512659072875977,,[]
ThesisMP4TEST5_f000490_1_c87_20251023_020504.jpg,ArcFace,ok,Jude,0.8459548585503855,0.2486858367919922,,
ThesisMP4TEST5_f000491_1_c87_20251023_020504.jpg,FaceNet,ok,Unknown,0.0,0.349088191986084,,[]
ThesisMP4TEST5_f000491_1_c87_20251023_020504.jpg,ArcFace,ok,Jude,0.8439673176965071,0.2785017490386963,,
ThesisMP4TEST5_f000502_1_c83_20251023_020505.jpg,FaceNet,ok,Unknown,0.0,0.3475198745727539,,[]
ThesisMP4TEST5_f000502_1_c83_20251023_020505.jpg,ArcFace,ok,Jude,0.8437478678645709,0.3108682632446289,,
ThesisMP4TEST5_f000504_1_c82_20251023_020506.jpg,FaceNet,ok,Unknown,0.0,0.3331639766693115,,[]
ThesisMP4TEST5_f000504_1_c82_20251023_020506.jpg,ArcFace,ok,Unknown,0.0,0.2065286636352539,,
ThesisMP4TEST5_f000578_1_c88_20251023_020517.jpg,FaceNet,ok,Unknown,0.0,0.24529743194580078,,[]
ThesisMP4TEST5_f000578_1_c88_20251023_020517.jpg,ArcFace,ok,Unknown,0.0,0.0847320556640625,,
ThesisMP4TEST5_f000574_1_c88_20251023_020516.jpg,FaceNet,ok,Unknown,0.0,0.4385511875152588,,[]
ThesisMP4TEST5_f000574_1_c88_20251023_020516.jpg,ArcFace,ok,Unknown,0.0,0.17000412940979004,,
ThesisMP4TEST5_f000575_1_c86_20251023_020516.jpg,FaceNet,ok,Unknown,0.0,0.29995036125183105,,[]
ThesisMP4TEST5_f000575_1_c86_20251023_020516.jpg,ArcFace,ok,Unknown,0.0,0.17371320724487305,,
ThesisMP4TEST5_f000571_1_c89_20251023_020515.jpg,FaceNet,ok,Unknown,0.0,0.5332763195037842,,[]
ThesisMP4TEST5_f000571_1_c89_20251023_020515.jpg,ArcFace,ok,Jude,0.7030411347297013,0.27593111991882324,,
ThesisMP4TEST5_f000589_2_c83_20251023_020518.jpg,FaceNet,ok,Unknown,0.0,0.17885160446166992,,[]
ThesisMP4TEST5_f000589_2_c83_20251023_020518.jpg,ArcFace,ok,Unknown,0.0,0.15450048446655273,,
ThesisMP4TEST5_f000585_2_c83_20251023_020518.jpg,FaceNet,ok,Unknown,0.0,0.3145430088043213,,[]
ThesisMP4TEST5_f000585_2_c83_20251023_020518.jpg,ArcFace,ok,Jude,0.7314451555926132,0.2887692451477051,,
ThesisMP4TEST5_f000580_0_c86_20251023_020517.jpg,FaceNet,ok,Unknown,0.0,0.3964071273803711,,[]
ThesisMP4TEST5_f000580_0_c86_20251023_020517.jpg,ArcFace,ok,Unknown,0.0,0.2683100700378418,,
ThesisMP4TEST5_f000590_4_c79_20251023_020518.jpg,FaceNet,ok,Unknown,0.0,0.12934446334838867,,[]
ThesisMP4TEST5_f000590_4_c79_20251023_020518.jpg,ArcFace,ok,Unknown,0.0,0.058947086334228516,,
ThesisMP4TEST5_f000582_0_c84_20251023_020517.jpg,FaceNet,ok,Unknown,0.0,0.4499642848968506,,[]
ThesisMP4TEST5_f000582_0_c84_20251023_020517.jpg,ArcFace,ok,Unknown,0.0,0.20767736434936523,,
ThesisMP4TEST5_f000596_1_c88_20251023_020519.jpg,FaceNet,ok,Unknown,0.0,0.20802998542785645,,[]
ThesisMP4TEST5_f000596_1_c88_20251023_020519.jpg,ArcFace,ok,Unknown,0.0,0.08372807502746582,,
ThesisMP4TEST5_f000598_0_c87_20251023_020520.jpg,FaceNet,ok,Unknown,0.0,0.2501199245452881,,[]
ThesisMP4TEST5_f000598_0_c87_20251023_020520.jpg,ArcFace,ok,Unknown,0.0,0.04678821563720703,,
ThesisMP4TEST5_f000597_1_c87_20251023_020520.jpg,FaceNet,ok,Unknown,0.0,0.3643679618835449,,[]
ThesisMP4TEST5_f000597_1_c87_20251023_020520.jpg,ArcFace,ok,Unknown,0.0,0.10579681396484375,,
ThesisMP4TEST5_f000591_1_c85_20251023_020518.jpg,FaceNet,ok,Unknown,0.0,0.3192102909088135,,[]
ThesisMP4TEST5_f000591_1_c85_20251023_020518.jpg,ArcFace,ok,Unknown,0.0,0.18532013893127441,,
ThesisMP4TEST5_f000599_0_c89_20251023_020520.jpg,FaceNet,ok,Unknown,0.0,0.20543861389160156,,[]
ThesisMP4TEST5_f000599_0_c89_20251023_020520.jpg,ArcFace,ok,Jude,0.7750390253554911,0.13524794578552246,,
ThesisMP4TEST5_f000600_0_c89_20251023_020520.jpg,FaceNet,ok,Unknown,0.0,0.197556734085083,,[]
ThesisMP4TEST5_f000600_0_c89_20251023_020520.jpg,ArcFace,ok,Jude,0.8186473557458804,0.17101812362670898,,
ThesisMP4TEST5_f000601_0_c89_20251023_020520.jpg,FaceNet,ok,Unknown,0.0,0.20885109901428223,,[]
ThesisMP4TEST5_f000601_0_c89_20251023_020520.jpg,ArcFace,ok,Unknown,0.0,0.061603546142578125,,
ThesisMP4TEST5_f000602_0_c89_20251023_020520.jpg,FaceNet,ok,Unknown,0.0,0.11134934425354004,,[]
ThesisMP4TEST5_f000602_0_c89_20251023_020520.jpg,ArcFace,ok,Jude,0.8854811759021857,0.1902146339416504,,
ThesisMP4TEST5_f000603_0_c91_20251023_020520.jpg,FaceNet,ok,Unknown,0.0,0.24392318725585938,,[]
ThesisMP4TEST5_f000603_0_c91_20251023_020520.jpg,ArcFace,ok,Unknown,0.0,0.09586858749389648,,
ThesisMP4TEST5_f000605_0_c91_20251023_020520.jpg,FaceNet,ok,Unknown,0.0,0.2567019462585449,,[]
ThesisMP4TEST5_f000605_0_c91_20251023_020520.jpg,ArcFace,ok,Unknown,0.0,0.06665301322937012,,
ThesisMP4TEST5_f000606_0_c91_20251023_020520.jpg,FaceNet,ok,Unknown,0.0,0.22544026374816895,,[]
ThesisMP4TEST5_f000606_0_c91_20251023_020520.jpg,ArcFace,ok,Unknown,0.0,0.05821657180786133,,
ThesisMP4TEST5_f000607_0_c90_20251023_020520.jpg,FaceNet,ok,Unknown,0.0,0.28716444969177246,,[]
ThesisMP4TEST5_f000607_0_c90_20251023_020520.jpg,ArcFace,ok,Unknown,0.0,0.11711788177490234,,
ThesisMP4TEST5_f000652_0_c89_20251023_020528.jpg,FaceNet,ok,Unknown,0.0,0.10440397262573242,,[]
ThesisMP4TEST5_f000652_0_c89_20251023_020528.jpg,ArcFace,ok,Unknown,0.0,0.07037997245788574,,
ThesisMP4TEST5_f000651_1_c89_20251023_020528.jpg,FaceNet,ok,Unknown,0.0,0.17413568496704102,,[]
ThesisMP4TEST5_f000651_1_c89_20251023_020528.jpg,ArcFace,ok,Unknown,0.0,0.06590890884399414,,
ThesisMP4TEST5_f000653_0_c88_20251023_020528.jpg,FaceNet,ok,Unknown,0.0,0.17610669136047363,,[]
ThesisMP4TEST5_f000653_0_c88_20251023_020528.jpg,ArcFace,ok,Unknown,0.0,0.15869879722595215,,
ThesisMP4TEST5_f000656_0_c89_20251023_020528.jpg,FaceNet,ok,Unknown,0.0,0.18743491172790527,,[]
ThesisMP4TEST5_f000656_0_c89_20251023_020528.jpg,ArcFace,ok,Unknown,0.0,0.055129051208496094,,
ThesisMP4TEST5_f000655_0_c88_20251023_020528.jpg,FaceNet,ok,Unknown,0.0,0.24403953552246094,,[]
ThesisMP4TEST5_f000655_0_c88_20251023_020528.jpg,ArcFace,ok,Unknown,0.0,0.1323380470275879,,
ThesisMP4TEST5_f000657_0_c86_20251023_020528.jpg,FaceNet,ok,Unknown,0.0,0.19862055778503418,,[]
ThesisMP4TEST5_f000657_0_c86_20251023_020528.jpg,ArcFace,ok,Jude,0.7812986636907917,0.14371395111083984,,
ThesisMP4TEST5_f000658_0_c85_20251023_020528.jpg,FaceNet,ok,Unknown,0.0,0.18311762809753418,,[]
ThesisMP4TEST5_f000658_0_c85_20251023_020528.jpg,ArcFace,ok,Unknown,0.0,0.09918856620788574,,
ThesisMP4TEST5_f000654_0_c87_20251023_020528.jpg,FaceNet,ok,Unknown,0.0,0.4124276638031006,,[]
ThesisMP4TEST5_f000654_0_c87_20251023_020528.jpg,ArcFace,ok,Unknown,0.0,0.14055228233337402,,
ThesisMP4TEST5_f000662_0_c88_20251023_020529.jpg,FaceNet,ok,Unknown,0.0,0.32836127281188965,,[]
ThesisMP4TEST5_f000662_0_c88_20251023_020529.jpg,ArcFace,ok,Unknown,0.0,0.09687995910644531,,
ThesisMP4TEST5_f000661_0_c87_20251023_020529.jpg,FaceNet,ok,Unknown,0.0,0.29137086868286133,,[]
ThesisMP4TEST5_f000661_0_c87_20251023_020529.jpg,ArcFace,ok,Unknown,0.0,0.15283918380737305,,
ThesisMP4TEST5_f000663_0_c89_20251023_020529.jpg,FaceNet,ok,Unknown,0.0,0.24924659729003906,,[]
ThesisMP4TEST5_f000663_0_c89_20251023_020529.jpg,ArcFace,ok,Jude,0.7206871010554927,0.20774316787719727,,
ThesisMP4TEST5_f000659_3_c81_20251023_020529.jpg,FaceNet,ok,Unknown,0.0,0.3618941307067871,,[]
ThesisMP4TEST5_f000659_3_c81_20251023_020529.jpg,ArcFace,ok,Jude,0.6826888442119838,0.3596193790435791,,
ThesisMP4TEST5_f000664_0_c89_20251023_020529.jpg,FaceNet,ok,Unknown,0.0,0.3391227722167969,,[]
ThesisMP4TEST5_f000664_0_c89_20251023_020529.jpg,ArcFace,ok,Unknown,0.0,0.1835947036743164,,
ThesisMP4TEST5_f000666_0_c87_20251023_020529.jpg,FaceNet,ok,Unknown,0.0,0.3949754238128662,,[]
ThesisMP4TEST5_f000666_0_c87_20251023_020529.jpg,ArcFace,ok,Jude,0.6926391139337321,0.14959335327148438,,
ThesisMP4TEST5_f000667_0_c87_20251023_020529.jpg,FaceNet,ok,Unknown,0.0,0.316042423248291,,[]
ThesisMP4TEST5_f000667_0_c87_20251023_020529.jpg,ArcFace,ok,Unknown,0.0,0.15375781059265137,,
ThesisMP4TEST5_f000665_0_c88_20251023_020529.jpg,FaceNet,ok,Unknown,0.0,0.3825681209564209,,[]
ThesisMP4TEST5_f000665_0_c88_20251023_020529.jpg,ArcFace,ok,Unknown,0.0,0.24451589584350586,,
ThesisMP4TEST5_f000668_0_c87_20251023_020529.jpg,FaceNet,ok,Unknown,0.0,0.06669950485229492,,[]
ThesisMP4TEST5_f000668_0_c87_20251023_020529.jpg,ArcFace,ok,Unknown,0.0,0.05878186225891113,,
ThesisMP4TEST5_f000670_0_c87_20251023_020529.jpg,FaceNet,ok,Unknown,0.0,0.09077119827270508,,[]
ThesisMP4TEST5_f000670_0_c87_20251023_020529.jpg,ArcFace,ok,Unknown,0.0,0.06327414512634277,,
ThesisMP4TEST5_f000669_0_c87_20251023_020529.jpg,FaceNet,ok,Unknown,0.0,0.10593390464782715,,[]
ThesisMP4TEST5_f000669_0_c87_20251023_020529.jpg,ArcFace,ok,Jude,0.7753625575178341,0.11737418174743652,,
ThesisMP4TEST5_f000673_0_c88_20251023_020530.jpg,FaceNet,ok,Unknown,0.0,0.13290619850158691,,[]
ThesisMP4TEST5_f000673_0_c88_20251023_020530.jpg,ArcFace,ok,Unknown,0.0,0.0492708683013916,,
ThesisMP4TEST5_f000671_0_c86_20251023_020530.jpg,FaceNet,ok,Unknown,0.0,0.24908208847045898,,[]
ThesisMP4TEST5_f000671_0_c86_20251023_020530.jpg,ArcFace,ok,Unknown,0.0,0.18386054039001465,,
ThesisMP4TEST5_f000672_0_c86_20251023_020530.jpg,FaceNet,ok,Unknown,0.0,0.2755608558654785,,[]
ThesisMP4TEST5_f000672_0_c86_20251023_020530.jpg,ArcFace,ok,Unknown,0.0,0.1579747200012207,,
ThesisMP4TEST5_f000675_0_c90_20251023_020530.jpg,FaceNet,ok,Unknown,0.0,0.25378918647766113,,[]
ThesisMP4TEST5_f000675_0_c90_20251023_020530.jpg,ArcFace,ok,Unknown,0.0,0.11013007164001465,,
ThesisMP4TEST5_f000678_3_c72_20251023_020530.jpg,FaceNet,ok,Unknown,0.0,0.1478288173675537,,[]
ThesisMP4TEST5_f000678_3_c72_20251023_020530.jpg,ArcFace,ok,Jude,0.8827697776227612,0.2064805030822754,,
ThesisMP4TEST5_f000703_0_c88_20251023_020534.jpg,FaceNet,ok,Unknown,0.0,0.19516706466674805,,[]
ThesisMP4TEST5_f000703_0_c88_20251023_020534.jpg,ArcFace,ok,Unknown,0.0,0.3017854690551758,,
ThesisMP4TEST5_f000732_1_c83_20251023_020538.jpg,FaceNet,ok,Unknown,0.0,0.36693644523620605,,[]
ThesisMP4TEST5_f000732_1_c83_20251023_020538.jpg,ArcFace,ok,Jude,0.9318754137027186,0.2663137912750244,,
ThesisMP4TEST5_f000735_0_c87_20251023_020538.jpg,FaceNet,ok,Unknown,0.0,0.35979604721069336,,[]
ThesisMP4TEST5_f000735_0_c87_20251023_020538.jpg,ArcFace,ok,Jude,0.94253003235314,0.2949948310852051,,
ThesisMP4TEST5_f000736_1_c85_20251023_020538.jpg,FaceNet,ok,Unknown,0.0,0.29862523078918457,,[]
ThesisMP4TEST5_f000736_1_c85_20251023_020538.jpg,ArcFace,ok,Jude,0.9402607412883262,0.31542301177978516,,
ThesisMP4TEST5_f000688_0_c85_20251023_020532.jpg,FaceNet,ok,Unknown,0.0,0.5294435024261475,,[]
ThesisMP4TEST5_f000688_0_c85_20251023_020532.jpg,ArcFace,ok,Unknown,0.0,0.8205249309539795,,
ThesisMP4TEST5_f000738_1_c85_20251023_020538.jpg,FaceNet,ok,Unknown,0.0,0.29690027236938477,,[]
ThesisMP4TEST5_f000738_1_c85_20251023_020538.jpg,ArcFace,ok,Jude,0.9365735622346034,0.32135963439941406,,
ThesisMP4TEST5_f000740_0_c84_20251023_020538.jpg,FaceNet,ok,Unknown,0.0,0.3066391944885254,,[]
ThesisMP4TEST5_f000740_0_c84_20251023_020538.jpg,ArcFace,ok,Jude,0.921068220706599,0.27840232849121094,,
ThesisMP4TEST5_f000741_0_c85_20251023_020538.jpg,FaceNet,ok,Unknown,0.0,0.3401191234588623,,[]
ThesisMP4TEST5_f000741_0_c85_20251023_020538.jpg,ArcFace,ok,Jude,0.9110463343468034,0.22021746635437012,,
ThesisMP4TEST5_f000743_0_c84_20251023_020538.jpg,FaceNet,ok,Unknown,0.0,0.3022923469543457,,[]
ThesisMP4TEST5_f000743_0_c84_20251023_020538.jpg,ArcFace,ok,Jude,0.8788499113054893,0.23029065132141113,,
ThesisMP4TEST5_f000745_0_c88_20251023_020539.jpg,FaceNet,ok,Unknown,0.0,0.22443532943725586,,[]
ThesisMP4TEST5_f000745_0_c88_20251023_020539.jpg,ArcFace,ok,Jude,0.7750155875622249,0.3150465488433838,,
ThesisMP4TEST5_f000744_0_c88_20251023_020539.jpg,FaceNet,ok,Unknown,0.0,0.4162440299987793,,[]
ThesisMP4TEST5_f000744_0_c88_20251023_020539.jpg,ArcFace,ok,Jude,0.8777096172818197,0.2703986167907715,,
ThesisMP4TEST5_f000746_1_c86_20251023_020539.jpg,FaceNet,ok,Unknown,0.0,0.20741868019104004,,[]
ThesisMP4TEST5_f000746_1_c86_20251023_020539.jpg,ArcFace,ok,Jude,0.9063806475335456,0.21146321296691895,,
ThesisMP4TEST5_f000747_0_c89_20251023_020539.jpg,FaceNet,ok,Unknown,0.0,0.4231226444244385,,[]
ThesisMP4TEST5_f000747_0_c89_20251023_020539.jpg,ArcFace,ok,Jude,0.9125528413245213,0.21867871284484863,,
ThesisMP4TEST5_f000749_1_c91_20251023_020539.jpg,FaceNet,ok,Unknown,0.0,0.3034491539001465,,[]
ThesisMP4TEST5_f000749_1_c91_20251023_020539.jpg,ArcFace,ok,Jude,0.9086372732980427,0.4598867893218994,,
ThesisMP4TEST5_f000748_1_c90_20251023_020539.jpg,FaceNet,ok,Unknown,0.0,0.41476869583129883,,[]
ThesisMP4TEST5_f000748_1_c90_20251023_020539.jpg,ArcFace,ok,Jude,0.9094356736570666,0.4749462604522705,,
ThesisMP4TEST5_f000750_1_c91_20251023_020539.jpg,FaceNet,ok,Unknown,0.0,0.6007547378540039,,[]
ThesisMP4TEST5_f000750_1_c91_20251023_020539.jpg,ArcFace,ok,Jude,0.9161706785919528,0.3488919734954834,,
ThesisMP4TEST5_f000751_0_c92_20251023_020539.jpg,FaceNet,ok,Unknown,0.0,0.3570249080657959,,[]
ThesisMP4TEST5_f000751_0_c92_20251023_020539.jpg,ArcFace,ok,Jude,0.9098655545201775,0.24599123001098633,,
ThesisMP4TEST5_f000752_0_c92_20251023_020539.jpg,FaceNet,ok,Unknown,0.0,0.312894344329834,,[]
ThesisMP4TEST5_f000752_0_c92_20251023_020539.jpg,ArcFace,ok,Jude,0.9125634094334284,0.1735215187072754,,
ThesisMP4TEST5_f000753_0_c92_20251023_020539.jpg,FaceNet,ok,Unknown,0.0,0.4747295379638672,,[]
ThesisMP4TEST5_f000753_0_c92_20251023_020539.jpg,ArcFace,ok,Jude,0.89679020899788,0.2851407527923584,,
ThesisMP4TEST5_f000754_0_c92_20251023_020539.jpg,FaceNet,ok,Unknown,0.0,0.3833940029144287,,[]
ThesisMP4TEST5_f000754_0_c92_20251023_020539.jpg,ArcFace,ok,Jude,0.8814731130063795,0.2733175754547119,,
ThesisMP4TEST5_f000755_0_c93_20251023_020540.jpg,FaceNet,ok,Unknown,0.0,0.36824870109558105,,[]
ThesisMP4TEST5_f000755_0_c93_20251023_020540.jpg,ArcFace,ok,Jude,0.8644108534536009,0.32231950759887695,,
ThesisMP4TEST5_f000756_0_c93_20251023_020540.jpg,FaceNet,ok,Unknown,0.0,0.43558478355407715,,[]
ThesisMP4TEST5_f000756_0_c93_20251023_020540.jpg,ArcFace,ok,Jude,0.8440501870049528,0.2753629684448242,,
ThesisMP4TEST5_f000759_0_c92_20251023_020540.jpg,FaceNet,ok,Unknown,0.0,0.32845544815063477,,[]
ThesisMP4TEST5_f000759_0_c92_20251023_020540.jpg,ArcFace,ok,Jude,0.8086815669578795,0.260603666305542,,
ThesisMP4TEST5_f000757_0_c93_20251023_020540.jpg,FaceNet,ok,Unknown,0.0,0.4108915328979492,,[]
ThesisMP4TEST5_f000757_0_c93_20251023_020540.jpg,ArcFace,ok,Jude,0.8447499847452882,0.3486905097961426,,
ThesisMP4TEST5_f000758_0_c92_20251023_020540.jpg,FaceNet,ok,Unknown,0.0,0.38366031646728516,,[]
ThesisMP4TEST5_f000758_0_c92_20251023_020540.jpg,ArcFace,ok,Jude,0.8188885796733332,0.33431243896484375,,
ThesisMP4TEST5_f000760_0_c92_20251023_020540.jpg,FaceNet,ok,Unknown,0.0,0.4294886589050293,,[]
ThesisMP4TEST5_f000760_0_c92_20251023_020540.jpg,ArcFace,ok,Jude,0.7918773984865832,0.3264889717102051,,
ThesisMP4TEST5_f000763_0_c90_20251023_020540.jpg,FaceNet,ok,Unknown,0.0,0.16980361938476562,,[]
ThesisMP4TEST5_f000763_0_c90_20251023_020540.jpg,ArcFace,ok,Jude,0.8070445962645532,0.1541283130645752,,
ThesisMP4TEST5_f000761_0_c92_20251023_020540.jpg,FaceNet,ok,Unknown,0.0,0.32587456703186035,,[]
ThesisMP4TEST5_f000761_0_c92_20251023_020540.jpg,ArcFace,ok,Jude,0.8291955272129578,0.28217101097106934,,
ThesisMP4TEST5_f000762_0_c91_20251023_020540.jpg,FaceNet,ok,Unknown,0.0,0.3544323444366455,,[]
ThesisMP4TEST5_f000762_0_c91_20251023_020540.jpg,ArcFace,ok,Jude,0.807418013128323,0.2770249843597412,,
ThesisMP4TEST5_f000765_0_c89_20251023_020540.jpg,FaceNet,ok,Unknown,0.0,0.1786789894104004,,[]
ThesisMP4TEST5_f000765_0_c89_20251023_020540.jpg,ArcFace,ok,Jude,0.8306760634147049,0.2546095848083496,,
ThesisMP4TEST5_f000764_0_c90_20251023_020540.jpg,FaceNet,ok,Unknown,0.0,0.3089747428894043,,[]
ThesisMP4TEST5_f000764_0_c90_20251023_020540.jpg,ArcFace,ok,Jude,0.8350013412272689,0.29349470138549805,,
ThesisMP4TEST5_f000767_0_c88_20251023_020540.jpg,FaceNet,ok,Unknown,0.0,0.19944405555725098,,[]
ThesisMP4TEST5_f000767_0_c88_20251023_020540.jpg,ArcFace,ok,Jude,0.8606646408027009,0.23479604721069336,,
ThesisMP4TEST5_f000766_0_c89_20251023_020540.jpg,FaceNet,ok,Unknown,0.0,0.3058037757873535,,[]
ThesisMP4TEST5_f000766_0_c89_20251023_020540.jpg,ArcFace,ok,Jude,0.8539057321319221,0.26290059089660645,,
ThesisMP4TEST5_f000768_0_c89_20251023_020541.jpg,FaceNet,ok,Unknown,0.0,0.23245739936828613,,[]
ThesisMP4TEST5_f000768_0_c89_20251023_020541.jpg,ArcFace,ok,Jude,0.8797642003069222,0.18493223190307617,,
ThesisMP4TEST5_f000769_0_c90_20251023_020541.jpg,FaceNet,ok,Unknown,0.0,0.28058767318725586,,[]
ThesisMP4TEST5_f000769_0_c90_20251023_020541.jpg,ArcFace,ok,Jude,0.8749214718407952,0.24261713027954102,,
ThesisMP4TEST5_f000770_0_c90_20251023_020541.jpg,FaceNet,ok,Unknown,0.0,0.4183166027069092,,[]
ThesisMP4TEST5_f000770_0_c90_20251023_020541.jpg,ArcFace,ok,Jude,0.8633970538579033,0.3553776741027832,,
ThesisMP4TEST5_f000771_0_c89_20251023_020541.jpg,FaceNet,ok,Unknown,0.0,0.39241576194763184,,[]
ThesisMP4TEST5_f000771_0_c89_20251023_020541.jpg,ArcFace,ok,Jude,0.8252967638691223,0.4095175266265869,,
ThesisMP4TEST5_f000772_0_c89_20251023_020541.jpg,FaceNet,ok,Unknown,0.0,0.5523591041564941,,[]
ThesisMP4TEST5_f000772_0_c89_20251023_020541.jpg,ArcFace,ok,Jude,0.8652333672998729,0.3770153522491455,,
ThesisMP4TEST5_f000773_0_c89_20251023_020541.jpg,FaceNet,ok,Unknown,0.0,0.5141620635986328,,[]
ThesisMP4TEST5_f000773_0_c89_20251023_020541.jpg,ArcFace,ok,Jude,0.8591037493743336,0.2718372344970703,,
ThesisMP4TEST5_f000776_0_c90_20251023_020541.jpg,FaceNet,ok,Unknown,0.0,0.22734475135803223,,[]
ThesisMP4TEST5_f000776_0_c90_20251023_020541.jpg,ArcFace,ok,Jude,0.8447755703196113,0.15361571311950684,,
ThesisMP4TEST5_f000774_0_c90_20251023_020541.jpg,FaceNet,ok,Unknown,0.0,0.3887310028076172,,[]
ThesisMP4TEST5_f000774_0_c90_20251023_020541.jpg,ArcFace,ok,Jude,0.8365798516702067,0.2862246036529541,,
ThesisMP4TEST5_f000775_0_c90_20251023_020541.jpg,FaceNet,ok,Unknown,0.0,0.3533363342285156,,[]
ThesisMP4TEST5_f000775_0_c90_20251023_020541.jpg,ArcFace,ok,Jude,0.8777298397905823,0.34395813941955566,,
ThesisMP4TEST5_f000777_0_c91_20251023_020541.jpg,FaceNet,ok,Unknown,0.0,0.36702656745910645,,[]
ThesisMP4TEST5_f000777_0_c91_20251023_020541.jpg,ArcFace,ok,Jude,0.8720029738673729,0.16498613357543945,,
ThesisMP4TEST5_f000778_0_c91_20251023_020541.jpg,FaceNet,ok,Unknown,0.0,0.2958970069885254,,[]
ThesisMP4TEST5_f000778_0_c91_20251023_020541.jpg,ArcFace,ok,Jude,0.9036368992048566,0.2673184871673584,,
ThesisMP4TEST5_f000779_0_c91_20251023_020541.jpg,FaceNet,ok,Unknown,0.0,0.37958717346191406,,[]
ThesisMP4TEST5_f000779_0_c91_20251023_020541.jpg,ArcFace,ok,Jude,0.875870387924896,0.2660822868347168,,
ThesisMP4TEST5_f000780_0_c91_20251023_020542.jpg,FaceNet,ok,Unknown,0.0,0.3263113498687744,,[]
ThesisMP4TEST5_f000780_0_c91_20251023_020542.jpg,ArcFace,ok,Jude,0.8917939510157543,0.23178935050964355,,
ThesisMP4TEST5_f000781_0_c92_20251023_020542.jpg,FaceNet,ok,Unknown,0.0,0.4135611057281494,,[]
ThesisMP4TEST5_f000781_0_c92_20251023_020542.jpg,ArcFace,ok,Jude,0.8609151270060651,0.2220933437347412,,
ThesisMP4TEST5_f000784_0_c90_20251023_020542.jpg,FaceNet,ok,Unknown,0.0,0.22042179107666016,,[]
ThesisMP4TEST5_f000784_0_c90_20251023_020542.jpg,ArcFace,ok,Unknown,0.0,0.07470560073852539,,
ThesisMP4TEST5_f000782_0_c92_20251023_020542.jpg,FaceNet,ok,Unknown,0.0,0.3919677734375,,[]
ThesisMP4TEST5_f000782_0_c92_20251023_020542.jpg,ArcFace,ok,Jude,0.8855774387294917,0.290130615234375,,
ThesisMP4TEST5_f000783_0_c91_20251023_020542.jpg,FaceNet,ok,Unknown,0.0,0.34862637519836426,,[]
ThesisMP4TEST5_f000783_0_c91_20251023_020542.jpg,ArcFace,ok,Jude,0.9190591523212873,0.27021288871765137,,
ThesisMP4TEST5_f000785_1_c89_20251023_020542.jpg,FaceNet,ok,Unknown,0.0,0.3512701988220215,,[]
ThesisMP4TEST5_f000785_1_c89_20251023_020542.jpg,ArcFace,ok,Jude,0.8952416888201875,0.2736244201660156,,
ThesisMP4TEST5_f000786_0_c90_20251023_020542.jpg,FaceNet,ok,Unknown,0.0,0.32111287117004395,,[]
ThesisMP4TEST5_f000786_0_c90_20251023_020542.jpg,ArcFace,ok,Jude,0.887977822975444,0.21666646003723145,,
ThesisMP4TEST5_f000787_0_c90_20251023_020542.jpg,FaceNet,ok,Unknown,0.0,0.42851829528808594,,[]
ThesisMP4TEST5_f000787_0_c90_20251023_020542.jpg,ArcFace,ok,Jude,0.9238473954672082,0.2405083179473877,,
ThesisMP4TEST5_f000788_0_c92_20251023_020542.jpg,FaceNet,ok,Unknown,0.0,0.3956022262573242,,[]
ThesisMP4TEST5_f000788_0_c92_20251023_020542.jpg,ArcFace,ok,Jude,0.9186616192651641,0.2733573913574219,,
ThesisMP4TEST5_f000789_0_c92_20251023_020542.jpg,FaceNet,ok,Unknown,0.0,0.31003236770629883,,[]
ThesisMP4TEST5_f000789_0_c92_20251023_020542.jpg,ArcFace,ok,Jude,0.8612728406955399,0.2697932720184326,,
ThesisMP4TEST5_f000790_0_c93_20251023_020542.jpg,FaceNet,ok,Unknown,0.0,0.5098998546600342,,[]
ThesisMP4TEST5_f000790_0_c93_20251023_020542.jpg,ArcFace,ok,Jude,0.8828193907730807,0.34075140953063965,,
ThesisMP4TEST5_f000791_0_c93_20251023_020542.jpg,FaceNet,ok,Unknown,0.0,0.3579099178314209,,[]
ThesisMP4TEST5_f000791_0_c93_20251023_020542.jpg,ArcFace,ok,Jude,0.890485657016865,0.304950475692749,,
ThesisMP4TEST5_f000792_0_c93_20251023_020543.jpg,FaceNet,ok,Unknown,0.0,0.37878942489624023,,[]
ThesisMP4TEST5_f000792_0_c93_20251023_020543.jpg,ArcFace,ok,Jude,0.883830136660959,0.3503284454345703,,
ThesisMP4TEST5_f000794_0_c93_20251023_020543.jpg,FaceNet,ok,Unknown,0.0,0.16015911102294922,,[]
ThesisMP4TEST5_f000794_0_c93_20251023_020543.jpg,ArcFace,ok,Jude,0.8587131842380917,0.2227649688720703,,
ThesisMP4TEST5_f000793_0_c93_20251023_020543.jpg,FaceNet,ok,Unknown,0.0,0.33718299865722656,,[]
ThesisMP4TEST5_f000793_0_c93_20251023_020543.jpg,ArcFace,ok,Jude,0.8390047711063804,0.40048837661743164,,
ThesisMP4TEST5_f000795_0_c93_20251023_020543.jpg,FaceNet,ok,Unknown,0.0,0.37219953536987305,,[]
ThesisMP4TEST5_f000795_0_c93_20251023_020543.jpg,ArcFace,ok,Jude,0.8773116494731715,0.18454885482788086,,
ThesisMP4TEST5_f000796_0_c93_20251023_020543.jpg,FaceNet,ok,Unknown,0.0,0.3061037063598633,,[]
ThesisMP4TEST5_f000796_0_c93_20251023_020543.jpg,ArcFace,ok,Jude,0.892280052164046,0.26415395736694336,,
ThesisMP4TEST5_f000797_0_c92_20251023_020543.jpg,FaceNet,ok,Unknown,0.0,0.23440098762512207,,[]
ThesisMP4TEST5_f000797_0_c92_20251023_020543.jpg,ArcFace,ok,Jude,0.895405148061715,0.24126744270324707,,
ThesisMP4TEST5_f000798_0_c92_20251023_020543.jpg,FaceNet,ok,Unknown,0.0,0.3054931163787842,,[]
ThesisMP4TEST5_f000798_0_c92_20251023_020543.jpg,ArcFace,ok,Jude,0.9169800979261493,0.25908875465393066,,
ThesisMP4TEST5_f000799_0_c90_20251023_020543.jpg,FaceNet,ok,Unknown,0.0,0.22524142265319824,,[]
ThesisMP4TEST5_f000799_0_c90_20251023_020543.jpg,ArcFace,ok,Jude,0.9274138716402156,0.14668512344360352,,
ThesisMP4TEST5_f000802_1_c89_20251023_020543.jpg,FaceNet,ok,Unknown,0.0,0.1767866611480713,,[]
ThesisMP4TEST5_f000802_1_c89_20251023_020543.jpg,ArcFace,ok,Jude,0.9306557006401776,0.1265089511871338,,
ThesisMP4TEST5_f000800_1_c89_20251023_020543.jpg,FaceNet,ok,Unknown,0.0,0.3308248519897461,,[]
ThesisMP4TEST5_f000800_1_c89_20251023_020543.jpg,ArcFace,ok,Jude,0.9385716006142483,0.2760457992553711,,
ThesisMP4TEST5_f000803_1_c89_20251023_020544.jpg,FaceNet,ok,Unknown,0.0,0.155045747756958,,[]
ThesisMP4TEST5_f000803_1_c89_20251023_020544.jpg,ArcFace,ok,Jude,0.9213593030913683,0.2312638759613037,,
ThesisMP4TEST5_f000801_1_c89_20251023_020543.jpg,FaceNet,ok,Unknown,0.0,0.33351826667785645,,[]
ThesisMP4TEST5_f000801_1_c89_20251023_020543.jpg,ArcFace,ok,Jude,0.9286295642369247,0.3827204704284668,,
ThesisMP4TEST5_f000804_1_c89_20251023_020544.jpg,FaceNet,ok,Unknown,0.0,0.4044618606567383,,[]
ThesisMP4TEST5_f000804_1_c89_20251023_020544.jpg,ArcFace,ok,Jude,0.9040570517143285,0.15746355056762695,,
ThesisMP4TEST5_f000807_0_c89_20251023_020544.jpg,FaceNet,ok,Unknown,0.0,0.3655726909637451,,[]
ThesisMP4TEST5_f000807_0_c89_20251023_020544.jpg,ArcFace,ok,Jude,0.9233085299524209,0.18747830390930176,,
ThesisMP4TEST5_f000806_0_c89_20251023_020544.jpg,FaceNet,ok,Unknown,0.0,0.283801794052124,,[]
ThesisMP4TEST5_f000806_0_c89_20251023_020544.jpg,ArcFace,ok,Jude,0.900913611598982,0.3737044334411621,,
ThesisMP4TEST5_f000808_0_c89_20251023_020544.jpg,FaceNet,ok,Unknown,0.0,0.14066028594970703,,[]
ThesisMP4TEST5_f000808_0_c89_20251023_020544.jpg,ArcFace,ok,Jude,0.9267110567025536,0.20514559745788574,,
ThesisMP4TEST5_f000805_0_c89_20251023_020544.jpg,FaceNet,ok,Unknown,0.0,0.38390684127807617,,[]
ThesisMP4TEST5_f000805_0_c89_20251023_020544.jpg,ArcFace,ok,Jude,0.9085429171878905,0.3986091613769531,,
ThesisMP4TEST5_f000809_0_c89_20251023_020544.jpg,FaceNet,ok,Unknown,0.0,0.2130570411682129,,[]
ThesisMP4TEST5_f000809_0_c89_20251023_020544.jpg,ArcFace,ok,Jude,0.9386595138353062,0.16650676727294922,,
ThesisMP4TEST5_f000810_0_c90_20251023_020544.jpg,FaceNet,ok,Unknown,0.0,0.18838119506835938,,[]
ThesisMP4TEST5_f000810_0_c90_20251023_020544.jpg,ArcFace,ok,Jude,0.9295644463790785,0.1946241855621338,,
ThesisMP4TEST5_f000812_0_c91_20251023_020544.jpg,FaceNet,ok,Unknown,0.0,0.417813777923584,,[]
ThesisMP4TEST5_f000812_0_c91_20251023_020544.jpg,ArcFace,ok,Jude,0.9286242805346898,0.2987515926361084,,
ThesisMP4TEST5_f000811_0_c91_20251023_020544.jpg,FaceNet,ok,Unknown,0.0,0.4807000160217285,,[]
ThesisMP4TEST5_f000811_0_c91_20251023_020544.jpg,ArcFace,ok,Jude,0.9308683378142844,0.281740665435791,,
ThesisMP4TEST5_f000814_0_c91_20251023_020544.jpg,FaceNet,ok,Unknown,0.0,0.32317209243774414,,[]
ThesisMP4TEST5_f000814_0_c91_20251023_020544.jpg,ArcFace,ok,Jude,0.929083752320629,0.3026700019836426,,
ThesisMP4TEST5_f000813_0_c91_20251023_020544.jpg,FaceNet,ok,Unknown,0.0,0.34924745559692383,,[]
ThesisMP4TEST5_f000813_0_c91_20251023_020544.jpg,ArcFace,ok,Jude,0.9310223328093845,0.3212010860443115,,
ThesisMP4TEST5_f000829_0_c89_20251023_020547.jpg,FaceNet,ok,Unknown,0.0,0.16954827308654785,,[]
ThesisMP4TEST5_f000829_0_c89_20251023_020547.jpg,ArcFace,ok,Jude,0.8902161948164411,0.13262104988098145,,
ThesisMP4TEST5_f000830_0_c89_20251023_020547.jpg,FaceNet,ok,Unknown,0.0,0.22891664505004883,,[]
ThesisMP4TEST5_f000830_0_c89_20251023_020547.jpg,ArcFace,ok,Jude,0.8782646112410475,0.17736291885375977,,
ThesisMP4TEST5_f000817_0_c90_20251023_020545.jpg,FaceNet,ok,Unknown,0.0,0.38414978981018066,,[]
ThesisMP4TEST5_f000817_0_c90_20251023_020545.jpg,ArcFace,ok,Jude,0.9164367738028374,0.2539677619934082,,
ThesisMP4TEST5_f000818_0_c91_20251023_020545.jpg,FaceNet,ok,Unknown,0.0,0.33305954933166504,,[]
ThesisMP4TEST5_f000818_0_c91_20251023_020545.jpg,ArcFace,ok,Jude,0.9017056513262645,0.41049981117248535,,
ThesisMP4TEST5_f000831_0_c89_20251023_020547.jpg,FaceNet,ok,Unknown,0.0,0.3672518730163574,,[]
ThesisMP4TEST5_f000831_0_c89_20251023_020547.jpg,ArcFace,ok,Jude,0.8923694722005577,0.1689136028289795,,
ThesisMP4TEST5_f000832_0_c88_20251023_020547.jpg,FaceNet,ok,Unknown,0.0,0.25645923614501953,,[]
ThesisMP4TEST5_f000832_0_c88_20251023_020547.jpg,ArcFace,ok,Jude,0.8912435926307839,0.2242732048034668,,
ThesisMP4TEST5_f000833_0_c88_20251023_020547.jpg,FaceNet,ok,Unknown,0.0,0.5124237537384033,,[]
ThesisMP4TEST5_f000833_0_c88_20251023_020547.jpg,ArcFace,ok,Jude,0.9083251427779684,0.29598069190979004,,
ThesisMP4TEST5_f000834_0_c89_20251023_020547.jpg,FaceNet,ok,Unknown,0.0,0.45209431648254395,,[]
ThesisMP4TEST5_f000834_0_c89_20251023_020547.jpg,ArcFace,ok,Jude,0.8600421853891465,0.3499269485473633,,
ThesisMP4TEST5_f000835_0_c89_20251023_020547.jpg,FaceNet,ok,Unknown,0.0,0.43166017532348633,,[]
ThesisMP4TEST5_f000835_0_c89_20251023_020547.jpg,ArcFace,ok,Jude,0.8933406439385315,0.3216240406036377,,
ThesisMP4TEST5_f000836_0_c89_20251023_020547.jpg,FaceNet,ok,Unknown,0.0,0.5598101615905762,,[]
ThesisMP4TEST5_f000836_0_c89_20251023_020547.jpg,ArcFace,ok,Jude,0.9023231546189199,0.36582493782043457,,
ThesisMP4TEST5_f000837_0_c88_20251023_020547.jpg,FaceNet,ok,Unknown,0.0,0.5629580020904541,,[]
ThesisMP4TEST5_f000837_0_c88_20251023_020547.jpg,ArcFace,ok,Jude,0.9089867875253981,0.20524358749389648,,
ThesisMP4TEST5_f000839_0_c89_20251023_020547.jpg,FaceNet,ok,Unknown,0.0,0.4153006076812744,,[]
ThesisMP4TEST5_f000839_0_c89_20251023_020547.jpg,ArcFace,ok,Jude,0.8576296232456099,0.3552279472351074,,
ThesisMP4TEST5_f000838_0_c89_20251023_020547.jpg,FaceNet,ok,Unknown,0.0,0.5387811660766602,,[]
ThesisMP4TEST5_f000838_0_c89_20251023_020547.jpg,ArcFace,ok,Jude,0.8557323077400462,0.43866944313049316,,
ThesisMP4TEST5_f000840_0_c89_20251023_020547.jpg,FaceNet,ok,Unknown,0.0,0.4926135540008545,,[]
ThesisMP4TEST5_f000840_0_c89_20251023_020547.jpg,ArcFace,ok,Jude,0.8731027022488702,0.17564940452575684,,
ThesisMP4TEST5_f000841_0_c89_20251023_020548.jpg,FaceNet,ok,Unknown,0.0,0.5667953491210938,,[]
ThesisMP4TEST5_f000841_0_c89_20251023_020548.jpg,ArcFace,ok,Jude,0.9255062892453952,0.1914067268371582,,
ThesisMP4TEST5_f000842_0_c90_20251023_020548.jpg,FaceNet,ok,Unknown,0.0,0.2648313045501709,,[]
ThesisMP4TEST5_f000842_0_c90_20251023_020548.jpg,ArcFace,ok,Jude,0.907088987553295,0.4533226490020752,,
ThesisMP4TEST5_f000843_0_c90_20251023_020548.jpg,FaceNet,ok,Unknown,0.0,0.6749870777130127,,[]
ThesisMP4TEST5_f000843_0_c90_20251023_020548.jpg,ArcFace,ok,Jude,0.9152554172258145,0.2687978744506836,,
ThesisMP4TEST5_f000844_0_c92_20251023_020548.jpg,FaceNet,ok,Unknown,0.0,0.7081458568572998,,[]
ThesisMP4TEST5_f000844_0_c92_20251023_020548.jpg,ArcFace,ok,Jude,0.9157226561116201,0.4103386402130127,,
ThesisMP4TEST5_f000846_0_c90_20251023_020548.jpg,FaceNet,ok,Unknown,0.0,0.38050365447998047,,[]
ThesisMP4TEST5_f000846_0_c90_20251023_020548.jpg,ArcFace,ok,Jude,0.8978952517921084,0.3425753116607666,,
ThesisMP4TEST5_f000845_0_c92_20251023_020548.jpg,FaceNet,ok,Unknown,0.0,0.762099027633667,,[]
ThesisMP4TEST5_f000845_0_c92_20251023_020548.jpg,ArcFace,ok,Jude,0.9017970468838094,0.46898913383483887,,
ThesisMP4TEST5_f000847_0_c89_20251023_020548.jpg,FaceNet,ok,Unknown,0.0,0.5045716762542725,,[]
ThesisMP4TEST5_f000847_0_c89_20251023_020548.jpg,ArcFace,ok,Jude,0.9110985347808649,0.3754892349243164,,
ThesisMP4TEST5_f000849_0_c87_20251023_020548.jpg,FaceNet,ok,Unknown,0.0,0.3582010269165039,,[]
ThesisMP4TEST5_f000849_0_c87_20251023_020548.jpg,ArcFace,ok,Jude,0.8878769443932076,0.3990671634674072,,
ThesisMP4TEST5_f000848_0_c90_20251023_020548.jpg,FaceNet,ok,Unknown,0.0,0.6562187671661377,,[]
ThesisMP4TEST5_f000848_0_c90_20251023_020548.jpg,ArcFace,ok,Jude,0.911875062881969,0.3964076042175293,,
ThesisMP4TEST5_f000850_0_c89_20251023_020548.jpg,FaceNet,ok,Unknown,0.0,0.5418965816497803,,[]
ThesisMP4TEST5_f000850_0_c89_20251023_020548.jpg,ArcFace,ok,Jude,0.9025043404924329,0.4324014186859131,,
ThesisMP4TEST5_f000852_0_c91_20251023_020549.jpg,FaceNet,ok,Unknown,0.0,0.2941288948059082,,[]
ThesisMP4TEST5_f000852_0_c91_20251023_020549.jpg,ArcFace,ok,Jude,0.8926647849628757,0.22198724746704102,,
ThesisMP4TEST5_f000851_0_c90_20251023_020548.jpg,FaceNet,ok,Unknown,0.0,0.5145523548126221,,[]
ThesisMP4TEST5_f000851_0_c90_20251023_020548.jpg,ArcFace,ok,Jude,0.9136124329097668,0.3921701908111572,,
ThesisMP4TEST5_f000855_0_c90_20251023_020549.jpg,FaceNet,ok,Unknown,0.0,0.34627413749694824,,[]
ThesisMP4TEST5_f000855_0_c90_20251023_020549.jpg,ArcFace,ok,Jude,0.8958855189343261,0.17146778106689453,,
ThesisMP4TEST5_f000853_0_c91_20251023_020549.jpg,FaceNet,ok,Unknown,0.0,0.4306340217590332,,[]
ThesisMP4TEST5_f000853_0_c91_20251023_020549.jpg,ArcFace,ok,Jude,0.9176498653718865,0.5529723167419434,,
ThesisMP4TEST5_f000854_0_c91_20251023_020549.jpg,FaceNet,ok,Unknown,0.0,0.527116060256958,,[]
ThesisMP4TEST5_f000854_0_c91_20251023_020549.jpg,ArcFace,ok,Jude,0.9148528665409356,0.2922701835632324,,
ThesisMP4TEST5_f000856_0_c91_20251023_020549.jpg,FaceNet,ok,Unknown,0.0,0.5822157859802246,,[]
ThesisMP4TEST5_f000856_0_c91_20251023_020549.jpg,ArcFace,ok,Jude,0.925392637823085,0.34632182121276855,,
ThesisMP4TEST5_f000858_0_c92_20251023_020549.jpg,FaceNet,ok,Unknown,0.0,0.2547187805175781,,[]
ThesisMP4TEST5_f000858_0_c92_20251023_020549.jpg,ArcFace,ok,Jude,0.8949192367525439,0.1793532371520996,,
ThesisMP4TEST5_f000857_0_c91_20251023_020549.jpg,FaceNet,ok,Unknown,0.0,0.43007969856262207,,[]
ThesisMP4TEST5_f000857_0_c91_20251023_020549.jpg,ArcFace,ok,Jude,0.9145037995645051,0.4459083080291748,,
ThesisMP4TEST5_f000861_0_c91_20251023_020549.jpg,FaceNet,ok,Unknown,0.0,0.22457480430603027,,[]
ThesisMP4TEST5_f000861_0_c91_20251023_020549.jpg,ArcFace,ok,Jude,0.8848735722660538,0.24306917190551758,,
ThesisMP4TEST5_f000859_0_c90_20251023_020549.jpg,FaceNet,ok,Unknown,0.0,0.33760786056518555,,[]
ThesisMP4TEST5_f000859_0_c90_20251023_020549.jpg,ArcFace,ok,Jude,0.8685951991855836,0.48442649841308594,,
ThesisMP4TEST5_f000860_0_c90_20251023_020549.jpg,FaceNet,ok,Unknown,0.0,0.42766737937927246,,[]
ThesisMP4TEST5_f000860_0_c90_20251023_020549.jpg,ArcFace,ok,Jude,0.896207403315425,0.39630913734436035,,
ThesisMP4TEST5_f000863_0_c92_20251023_020550.jpg,FaceNet,ok,Unknown,0.0,0.1906731128692627,,[]
ThesisMP4TEST5_f000863_0_c92_20251023_020550.jpg,ArcFace,ok,Jude,0.864034115962174,0.16629624366760254,,
ThesisMP4TEST5_f000862_0_c92_20251023_020549.jpg,FaceNet,ok,Unknown,0.0,0.44118475914001465,,[]
ThesisMP4TEST5_f000862_0_c92_20251023_020549.jpg,ArcFace,ok,Jude,0.9000520795758531,0.22465968132019043,,
ThesisMP4TEST5_f000864_0_c92_20251023_020550.jpg,FaceNet,ok,Unknown,0.0,0.4020552635192871,,[]
ThesisMP4TEST5_f000864_0_c92_20251023_020550.jpg,ArcFace,ok,Jude,0.9018832546520104,0.2513124942779541,,
ThesisMP4TEST5_f000865_0_c92_20251023_020550.jpg,FaceNet,ok,Unknown,0.0,0.4452183246612549,,[]
ThesisMP4TEST5_f000865_0_c92_20251023_020550.jpg,ArcFace,ok,Jude,0.8830268095651186,0.34549713134765625,,
ThesisMP4TEST5_f000866_0_c91_20251023_020550.jpg,FaceNet,ok,Unknown,0.0,0.5275745391845703,,[]
ThesisMP4TEST5_f000866_0_c91_20251023_020550.jpg,ArcFace,ok,Jude,0.8921772077367603,0.434873104095459,,
ThesisMP4TEST5_f000867_0_c91_20251023_020550.jpg,FaceNet,ok,Unknown,0.0,0.561119794845581,,[]
ThesisMP4TEST5_f000867_0_c91_20251023_020550.jpg,ArcFace,ok,Jude,0.8871498868047297,0.35133814811706543,,
ThesisMP4TEST5_f000868_0_c88_20251023_020550.jpg,FaceNet,ok,Unknown,0.0,0.39947509765625,,[]
ThesisMP4TEST5_f000868_0_c88_20251023_020550.jpg,ArcFace,ok,Jude,0.8911528338359282,0.3758273124694824,,
ThesisMP4TEST5_f000869_0_c90_20251023_020550.jpg,FaceNet,ok,Unknown,0.0,0.2977151870727539,,[]
ThesisMP4TEST5_f000869_0_c90_20251023_020550.jpg,ArcFace,ok,Jude,0.8847661518492711,0.32571935653686523,,
ThesisMP4TEST5_f000870_0_c89_20251023_020550.jpg,FaceNet,ok,Unknown,0.0,0.3394474983215332,,[]
ThesisMP4TEST5_f000870_0_c89_20251023_020550.jpg,ArcFace,ok,Jude,0.8858380638255146,0.3233942985534668,,
ThesisMP4TEST5_f000871_0_c89_20251023_020550.jpg,FaceNet,ok,Unknown,0.0,0.29384565353393555,,[]
ThesisMP4TEST5_f000871_0_c89_20251023_020550.jpg,ArcFace,ok,Jude,0.8982689843655042,0.30927300453186035,,
ThesisMP4TEST5_f000872_0_c89_20251023_020550.jpg,FaceNet,ok,Unknown,0.0,0.3308415412902832,,[]
ThesisMP4TEST5_f000872_0_c89_20251023_020550.jpg,ArcFace,ok,Jude,0.9032712454341216,0.4106285572052002,,
ThesisMP4TEST5_f000873_0_c89_20251023_020550.jpg,FaceNet,ok,Unknown,0.0,0.4536099433898926,,[]
ThesisMP4TEST5_f000873_0_c89_20251023_020550.jpg,ArcFace,ok,Jude,0.8937197907311283,0.3478970527648926,,
ThesisMP4TEST5_f000874_0_c90_20251023_020550.jpg,FaceNet,ok,Unknown,0.0,0.41817212104797363,,[]
ThesisMP4TEST5_f000874_0_c90_20251023_020550.jpg,ArcFace,ok,Jude,0.9207768948106636,0.3326692581176758,,
ThesisMP4TEST5_f000875_0_c93_20251023_020551.jpg,FaceNet,ok,Unknown,0.0,0.5210552215576172,,[]
ThesisMP4TEST5_f000875_0_c93_20251023_020551.jpg,ArcFace,ok,Jude,0.8805612428630331,0.361614465713501,,
ThesisMP4TEST5_f000876_0_c93_20251023_020551.jpg,FaceNet,ok,Unknown,0.0,0.42009782791137695,,[]
ThesisMP4TEST5_f000876_0_c93_20251023_020551.jpg,ArcFace,ok,Jude,0.8308785577640205,0.38936638832092285,,
ThesisMP4TEST5_f000877_0_c93_20251023_020551.jpg,FaceNet,ok,Unknown,0.0,0.4504737854003906,,[]
ThesisMP4TEST5_f000877_0_c93_20251023_020551.jpg,ArcFace,ok,Jude,0.8625161210618596,0.4356074333190918,,
ThesisMP4TEST5_f000878_0_c92_20251023_020551.jpg,FaceNet,ok,Unknown,0.0,0.4370238780975342,,[]
ThesisMP4TEST5_f000878_0_c92_20251023_020551.jpg,ArcFace,ok,Jude,0.7821011838710488,0.4505128860473633,,
ThesisMP4TEST5_f000879_0_c92_20251023_020551.jpg,FaceNet,ok,Unknown,0.0,0.36409640312194824,,[]
ThesisMP4TEST5_f000879_0_c92_20251023_020551.jpg,ArcFace,ok,Jude,0.7663805807810884,0.2738363742828369,,
ThesisMP4TEST5_f000880_0_c90_20251023_020551.jpg,FaceNet,ok,Unknown,0.0,0.6012015342712402,,[]
ThesisMP4TEST5_f000880_0_c90_20251023_020551.jpg,ArcFace,ok,Jude,0.782217299114803,0.34490084648132324,,
ThesisMP4TEST5_f000881_0_c91_20251023_020551.jpg,FaceNet,ok,Unknown,0.0,0.5075464248657227,,[]
ThesisMP4TEST5_f000881_0_c91_20251023_020551.jpg,ArcFace,ok,Jude,0.807110095055337,0.41035985946655273,,
ThesisMP4TEST5_f000882_0_c91_20251023_020551.jpg,FaceNet,ok,Unknown,0.0,0.4729640483856201,,[]
ThesisMP4TEST5_f000882_0_c91_20251023_020551.jpg,ArcFace,ok,Jude,0.8256090065615057,0.4746851921081543,,
ThesisMP4TEST5_f000883_0_c91_20251023_020551.jpg,FaceNet,ok,Unknown,0.0,0.5135664939880371,,[]
ThesisMP4TEST5_f000883_0_c91_20251023_020551.jpg,ArcFace,ok,Jude,0.819411284998518,0.4825150966644287,,
ThesisMP4TEST5_f000884_0_c91_20251023_020551.jpg,FaceNet,ok,Unknown,0.0,0.5160119533538818,,[]
ThesisMP4TEST5_f000884_0_c91_20251023_020551.jpg,ArcFace,ok,Jude,0.7630247952208,0.3853442668914795,,
ThesisMP4TEST5_f000885_0_c92_20251023_020551.jpg,FaceNet,ok,Unknown,0.0,0.45334315299987793,,[]
ThesisMP4TEST5_f000885_0_c92_20251023_020551.jpg,ArcFace,ok,Jude,0.7824299619264649,0.28655529022216797,,
ThesisMP4TEST5_f000886_0_c93_20251023_020552.jpg,FaceNet,ok,Unknown,0.0,0.3296198844909668,,[]
ThesisMP4TEST5_f000886_0_c93_20251023_020552.jpg,ArcFace,ok,Jude,0.8169795625076625,0.32845354080200195,,
ThesisMP4TEST5_f000887_0_c93_20251023_020552.jpg,FaceNet,ok,Unknown,0.0,0.3938584327697754,,[]
ThesisMP4TEST5_f000887_0_c93_20251023_020552.jpg,ArcFace,ok,Jude,0.7983835396240815,0.41022396087646484,,
ThesisMP4TEST5_f000888_0_c93_20251023_020552.jpg,FaceNet,ok,Unknown,0.0,0.3485429286956787,,[]
ThesisMP4TEST5_f000888_0_c93_20251023_020552.jpg,ArcFace,ok,Jude,0.7783204697601533,0.3339827060699463,,
ThesisMP4TEST5_f000889_0_c93_20251023_020552.jpg,FaceNet,ok,Unknown,0.0,0.4287562370300293,,[]
ThesisMP4TEST5_f000889_0_c93_20251023_020552.jpg,ArcFace,ok,Jude,0.8272035597641125,0.3927590847015381,,
ThesisMP4TEST5_f000892_1_c90_20251023_020552.jpg,FaceNet,ok,Unknown,0.0,0.14476490020751953,,[]
ThesisMP4TEST5_f000892_1_c90_20251023_020552.jpg,ArcFace,ok,Unknown,0.0,0.48760390281677246,,
ThesisMP4TEST5_f000891_0_c92_20251023_020552.jpg,FaceNet,ok,Unknown,0.0,0.442171573638916,,[]
ThesisMP4TEST5_f000891_0_c92_20251023_020552.jpg,ArcFace,ok,Jude,0.7793171123590221,0.39492177963256836,,
ThesisMP4TEST5_f000895_1_c88_20251023_020553.jpg,FaceNet,ok,Unknown,0.0,0.12290143966674805,,[]
ThesisMP4TEST5_f000895_1_c88_20251023_020553.jpg,ArcFace,ok,Unknown,0.0,0.4201650619506836,,
ThesisMP4TEST5_f000901_1_c88_20251023_020554.jpg,FaceNet,ok,Unknown,0.0,0.07768106460571289,,[]
ThesisMP4TEST5_f000901_1_c88_20251023_020554.jpg,ArcFace,ok,Unknown,0.0,0.28571414947509766,,
ThesisMP4TEST5_f000898_2_c89_20251023_020553.jpg,FaceNet,ok,Unknown,0.0,0.36622166633605957,,[]
ThesisMP4TEST5_f000898_2_c89_20251023_020553.jpg,ArcFace,ok,Unknown,0.0,0.3135223388671875,,
ThesisMP4TEST5_f000903_2_c86_20251023_020554.jpg,FaceNet,ok,Unknown,0.0,0.10285425186157227,,[]
ThesisMP4TEST5_f000903_2_c86_20251023_020554.jpg,ArcFace,ok,Unknown,0.0,0.39724230766296387,,
ThesisMP4TEST5_f000902_1_c87_20251023_020554.jpg,FaceNet,ok,Unknown,0.0,0.09590387344360352,,[]
ThesisMP4TEST5_f000902_1_c87_20251023_020554.jpg,ArcFace,ok,Unknown,0.0,0.5619833469390869,,
ThesisMP4TEST5_f000904_3_c82_20251023_020554.jpg,FaceNet,ok,Unknown,0.0,0.09243535995483398,,[]
ThesisMP4TEST5_f000904_3_c82_20251023_020554.jpg,ArcFace,ok,Unknown,0.0,0.31525707244873047,,
ThesisMP4TEST5_f000906_6_c37_20251023_020555.jpg,FaceNet,ok,Unknown,0.0,0.13984179496765137,,[]
ThesisMP4TEST5_f000906_6_c37_20251023_020555.jpg,ArcFace,ok,Unknown,0.0,0.2361459732055664,,
ThesisMP4TEST5_f000907_4_c78_20251023_020555.jpg,FaceNet,ok,Unknown,0.0,0.21173381805419922,,[]
ThesisMP4TEST5_f000907_4_c78_20251023_020555.jpg,ArcFace,ok,Unknown,0.0,0.2924158573150635,,
ThesisMP4TEST5_f000905_0_c92_20251023_020554.jpg,FaceNet,ok,Unknown,0.0,0.45533251762390137,,[]
ThesisMP4TEST5_f000905_0_c92_20251023_020554.jpg,ArcFace,ok,Jude,0.8879315550037539,0.3615756034851074,,
ThesisMP4TEST5_f000908_3_c80_20251023_020555.jpg,FaceNet,ok,Unknown,0.0,0.35366392135620117,,[]
ThesisMP4TEST5_f000908_3_c80_20251023_020555.jpg,ArcFace,ok,Unknown,0.0,0.37766575813293457,,
ThesisMP4TEST5_f000909_3_c80_20251023_020555.jpg,FaceNet,ok,Unknown,0.0,0.41155266761779785,,[]
ThesisMP4TEST5_f000909_3_c80_20251023_020555.jpg,ArcFace,ok,Unknown,0.0,0.5041368007659912,,
ThesisMP4TEST5_f000916_2_c86_20251023_020556.jpg,FaceNet,ok,Unknown,0.0,0.49286556243896484,,[]
ThesisMP4TEST5_f000916_2_c86_20251023_020556.jpg,ArcFace,ok,Unknown,0.0,0.3939504623413086,,
ThesisMP4TEST5_f000917_2_c86_20251023_020556.jpg,FaceNet,ok,Unknown,0.0,0.5452253818511963,,[]
ThesisMP4TEST5_f000917_2_c86_20251023_020556.jpg,ArcFace,ok,Unknown,0.0,0.23124027252197266,,
ThesisMP4TEST5_f000919_2_c84_20251023_020557.jpg,FaceNet,ok,Unknown,0.0,0.45138049125671387,,[]
ThesisMP4TEST5_f000919_2_c84_20251023_020557.jpg,ArcFace,ok,Jude,0.7368069209605148,0.25139951705932617,,
ThesisMP4TEST5_f000924_1_c85_20251023_020557.jpg,FaceNet,ok,Unknown,0.0,0.37382984161376953,,[]
ThesisMP4TEST5_f000924_1_c85_20251023_020557.jpg,ArcFace,ok,Jude,0.740544516061758,0.32018327713012695,,
ThesisMP4TEST5_f000928_1_c82_20251023_020557.jpg,FaceNet,ok,Unknown,0.0,0.3228158950805664,,[]
ThesisMP4TEST5_f000928_1_c82_20251023_020557.jpg,ArcFace,ok,Jude,0.7947012228253783,0.31413698196411133,,
